日期,從帳戶,轉出金額,幣別,到帳戶,轉入金額,幣別,標籤,備註,上次更新,UUID
20260713,國泰子帳戶,1991,TWD,TW,1991,TWD,,買進(3026.TW:禾伸堂),2026-07-09 11:34:11,S_77E8CAFD-2B3C-470C-9AFB-AB59BE44EC48
20260713,國泰子帳戶,2051,TWD,TW,2051,TWD,,買進(3026.TW:禾伸堂),2026-07-09 11:34:24,S_DF16EB9D-75A8-4DB0-9181-1B8FC6772F1D
20260713,國泰子帳戶,1811,TWD,TW,1811,TWD,,買進(1303.TW:南亞),2026-07-09 11:32:50,S_90E17076-28DB-4FD1-B2E6-DED2DCE4712C
20260709,國泰子帳戶,532,TWD,TW,532,TWD,,買進(0050.TW:元大台灣50),2026-07-10 02:50:43,S_E613E307-2099-4DF5-9C8A-C5448D436E43
20260708,國泰子帳戶,1001,TWD,TW,1001,TWD,,買進(2327.TW:國巨*),2026-07-06 21:11:01,S_96032DB8-559A-453F-9C83-D6DB6B5D5744
20260706,國泰子帳戶,542,TWD,TW,542,TWD,,買進(0050.TW:元大台灣50),2026-07-03 12:54:26,S_EA984D34-F170-4FDB-A83B-311363FCB85C
20260704,Bankee,200,TWD,悠遊付錢包,200,TWD,,,2026-07-04 20:30:02,A47B50E1-14C0-4182-9107-D37B8F69EB34
20260703,CUBE COMBO,300,TWD,點點卡,300,TWD,,,2026-07-03 12:50:02,F57E557D-8F47-4B27-817C-23345D07DF0D
20260702,TW,10892,TWD,國泰子帳戶,10892,TWD,,賣出(00981A.TW:主動統一台股增長),2026-06-30 10:38:49,S_56D9C32D-BC5C-4675-96DA-6473E6117AB2
20260701,Bankee,2500,TWD,錢包,2500,TWD,,,2026-07-01 19:07:58,FE9008AF-8880-434A-A4EF-09ACDD8E3540
20260701,國泰子帳戶,946,TWD,TW,946,TWD,,買進(00690.TW:兆豐藍籌30),2026-06-29 17:25:19,S_AC8E66F6-4E7F-40D6-ADE4-4524FB8B928B
20260701,國泰子帳戶,946,TWD,TW,946,TWD,,買進(00690.TW:兆豐藍籌30),2026-06-29 17:25:12,S_0083EA0A-EAD2-4022-B170-7C8F364C406A
20260701,國泰子帳戶,523,TWD,TW,523,TWD,,買進(0050.TW:元大台灣50),2026-06-29 17:24:39,S_C443695D-E2A1-4D30-A80F-CAE138BCBF5B
20260701,國泰子帳戶,523,TWD,TW,523,TWD,,買進(0050.TW:元大台灣50),2026-06-29 17:24:23,S_FC25900D-1B84-4E3F-A285-4F309C2C8DC2
20260630,台新美元,1212,USD,鑫多利,1212,USD,,,2026-07-03 13:24:34,0E534ABB-8784-407D-B46F-EDA6E76E4B67
20260630,國泰子帳戶,3896,TWD,TW,3896,TWD,,買進(2454.TW:聯發科),2026-06-26 11:11:04,S_BAE39494-C997-4896-B730-B37A63309E5E
20260629,Bankee,2000,TWD,錢包,2000,TWD,,,2026-06-29 12:03:44,003C0D31-4CED-4B4A-A893-2527CA2AE7D1
20260628,Bankee,260,TWD,LinePay Money,260,TWD,,,2026-06-28 11:43:53,1F678B0E-DCDB-49A8-9607-1E7D2CDEE214
20260626,國泰子帳戶,536,TWD,TW,536,TWD,,買進(0050.TW:元大台灣50),2026-06-25 08:56:26,S_50FD3432-C5B2-40C3-9F84-74AA98E2AA07
20260625,國泰子帳戶,38415,TWD,TW,38415,TWD,,買進(00888.TWO:永豐台灣ESG),2026-06-23 13:09:33,S_B98CE0DC-2722-496B-ACC3-FDA3B9BF9CB3
20260625,國泰子帳戶,2281,TWD,TW,2281,TWD,,買進(8096.TWO:擎亞),2026-06-23 09:20:45,S_9254E24F-CD12-414C-83BA-2D37636067BA
20260624,國泰子帳戶,764,TWD,TW,764,TWD,,買進(00690.TW:兆豐藍籌30),2026-06-25 08:59:47,S_7029584A-A165-4A4E-9EEE-6F260667A3AC
20260624,國泰子帳戶,764,TWD,TW,764,TWD,,買進(00690.TW:兆豐藍籌30),2026-06-25 08:59:24,S_B8494529-9B14-4980-93C9-B3A274D6671C
20260624,國泰子帳戶,333,TWD,TW,333,TWD,,買進(0050.TW:元大台灣50),2026-06-25 08:57:44,S_778BC487-3126-4389-AA59-36A9A71F276C
20260624,國泰子帳戶,2675,TWD,CUBE COMBO,2675,TWD,,自動繳款[5月09日〜6月08日],2026-07-10 02:42:57,4A5A2E18-C1D8-40A8-8521-719B6076AA37
20260622,國泰子帳戶,322,TWD,TW,322,TWD,,買進(0050.TW:元大台灣50),2026-06-25 08:58:16,S_AA1A819A-D3D4-4F2E-BB27-CB1087DF6DEE
20260622,郵局,20111,TWD,Bankee,20111,TWD,,,2026-06-22 18:25:09,734B35E7-9551-4765-882B-19397CC0633B
20260622,郵局,500,TWD,國泰數位帳戶,500,TWD,,,2026-06-22 18:24:11,B777C7AA-546D-4BB6-B6EF-35266C337A55
20260622,郵局,4000,TWD,國泰子帳戶,4000,TWD,,,2026-06-22 18:23:54,C635EBB8-6E1E-48DD-958B-4E8393EAF53B
20260622,Bankee,4742,TWD,BT21,4742,TWD,,自動繳款[5月07日〜6月06日],2026-06-23 08:37:09,59AD07BE-E355-486E-8324-89AE07F41C28
20260622,國泰子帳戶,317,TWD,TW,317,TWD,,買進(0050.TW:元大台灣50),2026-06-17 16:55:45,S_5E809C90-0C02-471C-80C2-C4A16111DA7A
20260617,郵局,4831,TWD,Bankee,4831,TWD,,,2026-06-17 19:56:34,AEC6C50E-1E6D-44D3-908E-BA86D0D719D3
20260613,Bankee,100,TWD,LinePay Money,100,TWD,,,2026-07-06 21:07:57,D7EA0537-F863-45C9-9B1D-56490610FE71
20260611,國泰子帳戶,159,TWD,TW,159,TWD,,買進(00690.TW:兆豐藍籌30),2026-06-09 19:49:21,S_CC619F69-092E-4C19-8E55-AD972C05223C
20260611,國泰子帳戶,309,TWD,TW,309,TWD,,買進(0050.TW:元大台灣50),2026-06-09 19:47:35,S_9552CF62-96B7-4AE4-B005-34FFF302D012
20260611,國泰子帳戶,454,TWD,TW,454,TWD,,買進(2464.TW:盟立),2026-06-09 15:50:59,S_7CF97CDD-AC9C-4637-900D-215CE6F0ACA0
20260609,Bankee,6000,TWD,國泰子帳戶,6000,TWD,,,2026-06-09 16:23:21,D15DAACA-9FE0-489D-A2D7-701ED227DAF8
20260609,郵局,17690,TWD,Bankee,17690,TWD,,,2026-06-09 16:20:45,814C7F3A-8C2E-4E10-A9EA-A6925034A31E
20260609,國泰子帳戶,496,TWD,TW,496,TWD,,買進(2464.TW:盟立),2026-06-05 12:59:55,S_DB28F075-D21B-4BC2-8249-390AD820236F
20260607,Bankee,200,TWD,悠遊付錢包,200,TWD,,,2026-06-07 18:41:05,30998BDB-7C1B-41CD-AC67-BE70EE976A3E
20260606,Bankee,400,TWD,悠遊付錢包,400,TWD,,,2026-06-07 18:37:30,7CC50269-7382-4DBC-8836-6AF99E0FC1ED
20260605,國泰子帳戶,536,TWD,TW,536,TWD,,買進(2464.TW:盟立),2026-06-04 08:45:15,S_E6288937-C52B-4E3D-8E08-994E6FECB9A8
20260605,國泰子帳戶,1012,TWD,TW,1012,TWD,,買進(6239.TW:力成),2026-06-04 08:43:01,S_AF2460B1-D470-4772-BE0C-DB83B335237F
20260604,國泰子帳戶,317,TWD,TW,317,TWD,,買進(0050.TW:元大台灣50),2026-06-04 08:43:45,S_CBF2A879-1822-4233-A5FD-3EC764500F34
20260604,國泰子帳戶,1881,TWD,TW,1881,TWD,,買進(2464.TW:盟立),2026-06-02 17:54:21,S_73451071-DEFD-4A60-B66A-C4CEBA9D176D
20260604,國泰子帳戶,1841,TWD,TW,1841,TWD,,買進(2464.TW:盟立),2026-06-02 17:53:49,S_11F30F73-4AF4-433D-962F-D23115468D9E
20260603,Bankee,200,TWD,悠遊付錢包,200,TWD,,,2026-06-07 18:40:14,4D3ACBDD-1CCA-41E2-91A2-297ACA4BF425
20260602,國泰子帳戶,4291,TWD,TW,4291,TWD,,買進(2454.TW:聯發科),2026-06-04 08:46:36,S_677B7AE1-54D7-4B44-9A9F-E853F957FECD
20260602,Bankee,2500,TWD,錢包,2500,TWD,,,2026-06-02 19:05:40,630D02D3-292F-4783-A4E5-44E7D4379818
20260601,國泰子帳戶,793,TWD,TW,793,TWD,,買進(00690.TW:兆豐藍籌30),2026-05-29 10:45:31,S_7997EAFC-43AD-4E15-A64D-29C83FBFD04E
20260601,國泰子帳戶,308,TWD,TW,308,TWD,,買進(0050.TW:元大台灣50),2026-05-29 10:43:24,S_84DDA7D2-949F-4FE9-A491-1EB176C7E047
20260601,國泰子帳戶,3641,TWD,TW,3641,TWD,,買進(6239.TW:力成),2026-05-28 14:43:34,S_96DC33E5-1FF9-4B6F-848C-6D756CDF92E2
20260601,TW,16993,TWD,國泰子帳戶,16993,TWD,,賣出(2464.TW:盟立),2026-05-28 14:41:46,S_1474A8B0-E0E6-4788-9816-BA52AADC6582
20260529,中信,32000,TWD,Bankee,32000,TWD,,,2026-05-29 13:10:08,425E5DA2-D478-4628-A9AE-1CD6375D58D3
20260529,國泰子帳戶,730,TWD,TW,730,TWD,,買進(00690.TW:兆豐藍籌30),2026-05-29 10:44:15,S_5072E9D2-7840-4A55-892D-4BD3C6DDFE72
20260529,國泰子帳戶,310,TWD,TW,310,TWD,,買進(0050.TW:元大台灣50),2026-05-29 10:43:10,S_08133996-FFAA-49BB-A94D-4EBB981606FB
20260528,國泰子帳戶,16956,TWD,TW,16956,TWD,,買進(2464.TW:盟立),2026-05-26 10:45:29,S_1BCB87C7-9231-4A6D-A7ED-7E0AF7EE4A0E
20260528,國泰子帳戶,8642,TWD,TW,8642,TWD,,買進(2454.TW:聯發科),2026-05-26 10:43:44,S_0E201254-3BD3-4A84-A6B4-9225903FEE84
20260527,Bankee,23049,TWD,國泰子帳戶,23049,TWD,,,2026-05-27 09:15:44,0F1A7867-4E1C-4E94-B335-81F854130F19
20260527,國泰子帳戶,302,TWD,TW,302,TWD,,買進(0050.TW:元大台灣50),2026-05-25 16:58:34,S_335845CF-1376-4DA9-B13F-BDF4A0786FFC
20260527,TW,4142,TWD,國泰子帳戶,4142,TWD,,賣出(00981A.TW:主動統一台股增長),2026-05-25 16:51:36,S_3EA59631-C719-4F43-878F-FA1226488827
20260527,國泰子帳戶,14404,TWD,TW,14404,TWD,,買進(00981A.TW:主動統一台股增長),2026-05-25 16:48:25,S_C8EA33F8-3601-40EF-A74A-A8FEB3D2642A
20260527,國泰子帳戶,100187,TWD,TW,100187,TWD,,買進(2330.TW:台積電),2026-05-25 16:44:55,S_08DBD84E-9A10-4815-80A4-92AF01EDF055
20260527,國泰子帳戶,37241,TWD,TW,37241,TWD,,買進(00923.TW:群益台ESG低碳50),2026-05-25 16:40:19,S_53F499A0-55C1-4CA6-B31C-D68AA6CDB795
20260527,國泰子帳戶,6734,TWD,TW,6734,TWD,,買進(00690.TW:兆豐藍籌30),2026-05-25 16:33:59,S_467AC192-F298-44E7-BB59-866B12230E92
20260527,國泰子帳戶,49330,TWD,TW,49330,TWD,,買進(0050.TW:元大台灣50),2026-05-25 16:26:40,S_446902D2-AA8D-4984-AE54-29D0EC5177B4
20260527,國泰子帳戶,302,TWD,元大台50,302,TWD,,買進(0050.TW:元大台灣50),2026-05-25 16:11:29,S_8C88F981-B5A6-4232-84AB-0ABF3F2077CB
20260525,郵局,500,TWD,台新活儲戶,500,TWD,,,2026-05-25 23:54:31,78677B7F-1644-49F4-B3F5-F865D6072FDA
20260525,台新活儲戶,10367,TWD,台新美元,329,USD,,,2026-05-25 23:53:58,B780539D-9E2E-4A0E-B0BD-620C5EA5ABDC
20260525,國泰子帳戶,6902,TWD,CUBE COMBO,6902,TWD,,自動繳款[4月09日〜5月08日],2026-05-25 17:29:06,FC2502A1-9D91-47DA-B136-E6037774C5E1
20260522,Bankee,2677,TWD,BT21,2677,TWD,,自動繳款[4月07日〜5月06日],2026-05-25 17:09:58,28DA80CF-ECCD-4F4F-A9C0-C0D90FEE6E3A
20260521,中信,23567,TWD,Bankee,23567,TWD,,,2026-07-03 13:15:39,E75C2350-B66D-4CEA-B2CD-216292643AC5
20260521,國泰子帳戶,376,TWD,元大台50,376,TWD,,買進(0050.TW:元大台灣50),2026-05-25 16:13:30,S_B11EFAA2-E373-4563-8664-3FC1BDEFA9EF
20260520,Bankee,2000,TWD,錢包,2000,TWD,,,2026-05-20 23:42:50,2C02D6F1-41EC-44CC-BC1C-0F0FBB5CD7E2
20260520,統一增長,1375,TWD,國泰子帳戶,1375,TWD,,賣出(00981A.TW:主動統一台股增長),2026-05-19 10:01:12,S_2FF6B9DD-FC9D-4F1C-A137-F67F50C6D611
20260520,統一增長,2767,TWD,國泰子帳戶,2767,TWD,,賣出(00981A.TW:主動統一台股增長),2026-05-19 10:00:15,S_9FEF2F8A-7EE7-4119-9E42-FF59E8502473
20260520,國泰子帳戶,378,TWD,元大台50,378,TWD,,買入(0050.TW:元大台灣50),2026-05-19 09:58:19,S_1A0A7BB8-8F84-47F8-8613-832F224E9C5F
20260520,國泰子帳戶,378,TWD,元大台50,378,TWD,,買入(0050.TW:元大台灣50),2026-05-19 09:57:34,S_8F124FAA-F78E-449F-9865-8C8239EA0B3E
20260519,國泰子帳戶,3633,TWD,統一增長,3633,TWD,,買入(00981A.TW:主動統一台股增長),2026-05-15 14:40:29,S_EDD2D54B-9678-48FF-AE5C-427B7AE776E9
20260519,國泰子帳戶,2886,TWD,統一增長,2886,TWD,,買入(00981A.TW:主動統一台股增長),2026-05-15 14:40:03,S_DE5DFBF3-8D03-4885-B8FC-95E802F02417
20260519,國泰子帳戶,2880,TWD,統一增長,2880,TWD,,買入(00981A.TW:主動統一台股增長),2026-05-15 14:39:36,S_AD71F051-9A48-4EE8-B7FA-5419831AE719
20260518,郵局,10603,TWD,Bankee,10603,TWD,,,2026-05-18 10:10:28,B92B02BC-2E65-4A81-AA76-12E447F644D0
20260517,Bankee,200,TWD,悠遊付錢包,200,TWD,,,2026-05-25 17:11:47,6DE7E463-A21B-43FA-ABDF-4C964011B262
20260515,郵局,6000,TWD,國泰子帳戶,6000,TWD,,,2026-05-15 20:16:53,48D0E1DB-F001-40AE-8BD2-5AF510A859FB
20260513,國泰子帳戶,388,TWD,元大台50,388,TWD,,買入(0050.TW:元大台灣50),2026-05-12 08:40:46,S_70785826-4B14-46B8-92C8-52C6C90D89BA
20260512,國泰子帳戶,2896,TWD,統一增長,2896,TWD,,買入(00981A.TW:主動統一台股增長),2026-05-12 08:44:00,S_D2B0884A-9687-4B75-B182-A3E018BCAF34
20260512,國泰子帳戶,1449,TWD,統一增長,1449,TWD,,買入(00981A.TW:主動統一台股增長),2026-05-12 08:43:17,S_CEF3E74F-65AC-4F5C-AA72-208672AB3DB8
20260509,中信,2000,TWD,錢包,2000,TWD,,,2026-05-09 12:34:12,3FF09918-567D-4E60-931F-CE1D9619DF82
20260507,國泰子帳戶,472,TWD,統一增長,472,TWD,,買入(00981A.TW:主動統一台股增長),2026-05-06 22:24:11,S_AD13C06B-931F-4B7E-AFC1-BCCB9B800680
20260506,國泰子帳戶,377,TWD,元大台50,377,TWD,,買入(0050.TW:元大台灣50),2026-05-04 22:32:34,S_128C0BD9-52C3-4FD9-9364-385F5E793C81
20260505,國泰子帳戶,21808,TWD,台積電,21808,TWD,,買入(2330.TW:台積電),2026-04-30 11:24:28,S_E8906A71-8B30-4FB7-81B1-082914B30078
20260503,CUBE COMBO,500,TWD,點點卡,500,TWD,,,2026-06-07 18:36:32,AAED99A1-BB8E-4A67-AC66-E64E4B765B91
20260430,Bankee,30000,TWD,國泰子帳戶,30000,TWD,,,2026-04-30 11:28:06,924AF162-1109-4165-B3C0-4B60C616406B
20260430,國泰子帳戶,371,TWD,元大台50,371,TWD,,買入(0050.TW:元大台灣50),2026-04-30 11:15:01,S_CB299B05-507D-455D-94F6-142A93D15BDC
20260430,中信,10000,TWD,國泰子帳戶,10000,TWD,,,2026-04-30 11:11:31,045E7913-A16C-428B-815F-D3D12399A72C
20260430,中信,21294,TWD,Bankee,21294,TWD,,,2026-04-30 11:11:14,D853ABD1-B037-46D9-8B01-BE42FE44BC78
20260429,郵局,5000,TWD,中信,5000,TWD,,支援C寶 已還,2026-05-05 20:41:16,A155052E-F4B5-4092-9D8C-DD5EC35E92C7
20260428,Bankee,2000,TWD,錢包,2000,TWD,,,2026-04-28 20:11:27,E5CAD1D0-6701-4851-A737-A36B6CBE5132
20260428,國泰子帳戶,374,TWD,元大台50,374,TWD,,買入(0050.TW:元大台灣50),2026-04-28 19:52:43,S_4DA753E2-ED30-4C36-AA76-291D5C89345E
20260427,國泰子帳戶,8547,TWD,CUBE COMBO,8547,TWD,,自動繳款[3月09日〜4月08日],2026-04-27 16:52:01,62096F21-688B-43AB-9E2F-16E334A64615
20260424,國泰子帳戶,356,TWD,元大台50,356,TWD,,買入(0050.TW:元大台灣50),2026-04-28 19:36:35,S_406A9779-0EB5-4A54-A5AC-47ED45C5E66C
20260423,國泰子帳戶,188,TWD,統一增長,188,TWD,,買入(00981A.TW:主動統一台股增長),2026-04-24 20:58:37,S_6177BEDA-4973-4B1B-B3CE-1C2E370596EF
20260423,郵局,5000,TWD,國泰子帳戶,5000,TWD,,,2026-04-23 16:06:17,139D3FAF-A2F2-42B7-AC47-8599C03A740C
20260422,國泰子帳戶,595,TWD,元大台50,595,TWD,,買入(0050.TW:元大台灣50),2026-04-21 00:33:33,S_66A8015F-C2FD-4BC2-8770-230F0C6AAF68
20260422,國泰子帳戶,595,TWD,元大台50,595,TWD,,買入(0050.TW:元大台灣50),2026-04-21 00:33:15,S_405D7793-02F8-4D93-B975-FFC1BF87CFD0
20260422,Bankee,3543,TWD,BT21,3543,TWD,,自動繳款[3月07日〜4月06日],2026-04-22 21:11:11,A77EEF83-FD2F-44C2-B4ED-D64F7596F633
20260421,國泰子帳戶,590,TWD,元大台50,590,TWD,,買入(0050.TW:元大台灣50),2026-04-21 00:32:22,S_6C9ADE41-8127-4ED3-B19F-517DE2B0D6B4
20260421,國泰子帳戶,2051,TWD,台積電,2051,TWD,,買入(2330.TW:台積電),2026-04-20 13:48:21,S_54E790D8-F037-4903-9683-C28C14F3A71A
20260414,國泰子帳戶,37240.987,TWD,群益低碳50,37240.987,TWD,,買入(00923.TW:群益台ESG低碳50),2026-04-12 18:46:59,S_B86E8A03-D69C-4D7E-A72C-5CD4ED248A12
20260414,國泰子帳戶,76328.18,TWD,台積電,76328.18,TWD,,買入(2330.TW:台積電),2026-04-12 18:44:16,S_43E97829-BB4A-48EE-BAB0-52BD85970380
20260414,國泰子帳戶,44551.99934,TWD,元大台50,44551.99934,TWD,,買入(0050.TW:元大台灣50),2026-04-12 18:41:25,S_3256792C-8476-49E9-96EC-7E3B369AB370
20260409,郵局,7000,TWD,國泰子帳戶,7000,TWD,,,2026-04-09 20:23:02,24553353-CF6B-4D28-99A2-0E630198B9B2
20260409,國泰子帳戶,554,TWD,元大50,554,TWD,,,2026-04-09 20:16:39,C635DDFC-5E7D-4A2B-9BFF-800C3EFA167A
20260406,Bankee,200,TWD,悠遊付錢包,200,TWD,,,2026-04-12 18:57:52,AF60F933-AC84-4122-B043-3C1A247A32D6
20260403,Bankee,200,TWD,悠遊付錢包,200,TWD,,,2026-04-12 18:59:29,5CC24FF4-3FF3-4BD6-AC94-88051606DEB3
20260403,Bankee,200,TWD,悠遊付錢包,200,TWD,,,2026-04-12 18:58:58,7BC0A493-C639-426B-99FF-F50A245847C0
20260402,國泰子帳戶,967,TWD,元大50,967,TWD,,,2026-04-09 20:20:19,7B5507EF-96A6-45EE-BD9E-A64F97EED184
20260402,郵局,3000,TWD,中信,3000,TWD,,寶寶的電話費已還,2026-05-25 17:04:56,F78D6AE0-44F4-45D6-A106-EFB0FDE3F60E
20260331,中信,22000,TWD,Bankee,22000,TWD,,,2026-03-31 10:23:03,B9557EEF-CC07-453D-9010-CE6DD1159CBB
20260331,中信,5812,TWD,國泰子帳戶,5812,TWD,,,2026-03-31 10:22:00,DD62496F-D594-4BB9-8D7B-8EA35DDC7483
20260330,國泰子帳戶,52,TWD,兆豐藍籌,52,TWD,,,2026-03-30 20:07:10,07341A5A-5BD1-4B4E-ACBA-97E97827C622
20260330,國泰子帳戶,958,TWD,元大50,958,TWD,,,2026-03-30 20:06:55,18CEA837-E8C8-4FF4-B8D8-E341C5C02533
20260329,CUBE COMBO,500,TWD,點點卡,500,TWD,,,2026-04-01 00:19:55,C2D5F5C6-CD9D-422D-B820-C9444B1AFD08
20260327,國泰子帳戶,53,TWD,兆豐藍籌,53,TWD,,,2026-03-27 20:29:45,02FDC5DB-B8F9-41FF-B6D0-6DB2088926E3
20260327,國泰子帳戶,970,TWD,元大50,970,TWD,,,2026-03-27 20:29:27,94E49AC6-5E80-41CA-92C7-E77527046E10
20260327,Bankee,2000,TWD,錢包,2000,TWD,,,2026-03-27 17:58:07,CD97A057-B7EB-49A2-A363-955238C6D918
20260324,國泰子帳戶,971,TWD,元大50,971,TWD,,,2026-03-25 06:40:01,2F249E71-E637-4FD8-A841-B265454C7B3D
20260324,郵局,2810,TWD,國泰數位帳戶,2810,TWD,,,2026-03-24 19:11:14,45625137-0EB0-4573-BF74-1C1860A8FFBF
20260324,國泰子帳戶,1446,TWD,CUBE COMBO,1446,TWD,,自動繳款[2月09日〜3月08日],2026-03-25 06:35:27,1889344C-C0C7-4CCB-BDAD-6078DA84DC2A
20260323,Bankee,66000,TWD,國泰子帳戶,66000,TWD,,,2026-03-23 10:41:41,17095BE4-3A1E-4D75-BACB-82C0685D86A9
20260323,Bankee,3914,TWD,BT21,3914,TWD,,自動繳款[2月07日〜3月06日],2026-04-22 21:11:41,285BDEE5-C8BC-44F2-BA74-361277D8CFD4
20260321,錢包,600,TWD,郵局,600,TWD,,曾馬丁涮乃葉代付,2026-03-21 20:37:04,9D49D3B5-E648-42D1-831E-2EA59D10FBAC
20260319,國泰子帳戶,54,TWD,兆豐藍籌,54,TWD,,,2026-03-19 19:34:58,E7715642-3E31-4D58-89A8-EB8550B8B477
20260319,國泰子帳戶,536,TWD,元大50,536,TWD,,,2026-03-19 19:34:38,1BFED44B-19F8-40C0-9232-F328BDB3299A
20260318,郵局,5000,TWD,國泰子帳戶,5000,TWD,,,2026-03-18 10:37:38,7F7EF1B3-A8BA-46A1-8B17-4D9432180E0D
20260318,國泰子帳戶,600,TWD,國泰數位帳戶,600,TWD,,,2026-03-18 10:32:26,98CDB80F-35C7-479E-9265-FCEB3429934C
20260317,國泰子帳戶,537,TWD,元大50,537,TWD,,,2026-03-18 10:06:05,1041772E-3223-422B-80AE-52DD6AB79AEE
20260317,Bankee,1000,TWD,錢包,1000,TWD,,,2026-03-17 23:49:20,49CE6DA3-9EA0-4EB3-ADAF-1610A088CF2C
20260314,CUBE COMBO,500,TWD,點點卡,500,TWD,,,2026-04-01 00:22:09,B5AD6B2B-2559-4E95-A576-CBADECCF9E24
20260312,國泰子帳戶,1534,TWD,元大50,1534,TWD,,,2026-03-18 10:06:39,120D78E3-9AC0-4AD8-A593-90EEA9C15D43
20260310,國泰子帳戶,571,TWD,群益台灣50,571,TWD,,,2026-03-12 12:28:17,E79664BA-D67C-49CD-A997-95DD1A7B76CF
20260310,郵局,10880,TWD,Bankee,10880,TWD,,,2026-03-10 20:02:54,CBD2B57C-0125-46F6-A915-526E67E5BB15
20260310,Bankee,2000,TWD,錢包,2000,TWD,,,2026-03-10 19:52:22,823F7542-3688-45B1-B10F-D763F58AAA77
20260309,國泰子帳戶,584,TWD,元大50,584,TWD,,,2026-03-12 12:28:42,8A9A16D0-E6F1-427D-883C-DEDB6D2C95FB
20260309,國泰子帳戶,28,TWD,群益台灣50,28,TWD,,,2026-03-09 20:08:07,C55A3191-43F0-43CF-AB97-9954C11D0B2B
20260303,國泰子帳戶,4033,TWD,CUBE COMBO,4033,TWD,,自動繳款[1月09日〜2月08日],2026-03-03 08:50:09,D22F4FF5-1C87-42AE-94E2-49603251ED0D
20260303,Bankee,5211,TWD,BT21,5211,TWD,,自動繳款[1月07日〜2月06日],2026-03-03 08:50:28,900AFAD0-5599-4F2F-9701-643844770F2E
20260302,國泰子帳戶,110,TWD,兆豐藍籌,110,TWD,,,2026-03-18 10:11:28,9C946AFC-2CAC-4A40-9F9F-65F173EF97DC
20260302,國泰子帳戶,565,TWD,元大50,565,TWD,,,2026-03-09 20:09:23,06C3D552-A5C8-40B1-BF46-E2953A418018
20260302,國泰子帳戶,565,TWD,元大50,565,TWD,,,2026-03-09 20:09:07,600105A3-E0D0-44E6-AA77-8C837C1B2B3F
20260302,國泰子帳戶,565,TWD,元大50,565,TWD,,,2026-03-09 20:08:47,92AEADBF-6448-4DC9-87A3-93EABEF2B4D8
20260302,中信,1000,TWD,國泰數位帳戶,1000,TWD,,,2026-03-02 22:32:38,53EC2445-A699-40ED-8412-0FB82D4B6699
20260302,中信,29142,TWD,Bankee,29142,TWD,,,2026-03-02 22:32:27,2CF1A876-24D4-4348-8216-02277FD0613D
20260301,郵局,7957,TWD,Bankee,7957,TWD,,,2026-03-02 22:30:15,37C0C5EC-A17B-4A66-B03E-684F59DD1C8C
20260301,Bankee,100,TWD,悠遊付錢包,100,TWD,,,2026-03-01 21:50:46,737935B3-54B9-4766-BD39-8E81006F381A
20260225,郵局,8888,TWD,國泰子帳戶,8888,TWD,,,2026-02-25 09:39:52,9AA9CFDC-FAE1-474B-8AD9-6B22ADF8C9FB
20260224,國泰子帳戶,1027,TWD,元大50,1027,TWD,,,2026-02-24 20:08:03,620B6F2B-ABA9-4A29-990E-4FB04EB542BE
20260223,國泰子帳戶,108,TWD,兆豐藍籌,108,TWD,,,2026-02-24 20:08:52,ED8D083D-1B2E-458A-800C-88B950F356F0
20260223,國泰子帳戶,1638,TWD,元大50,1638,TWD,,,2026-02-24 20:08:34,E9F1D1D4-77DC-4203-8C92-B5D0520B6038
20260220,錢包,6000,TWD,郵局,6000,TWD,,,2026-02-20 20:15:37,763A4F91-69C9-4157-B10A-CCC444706C88
20260214,Bankee,100,TWD,悠遊付錢包,100,TWD,,,2026-02-25 10:03:03,9F9C2DD7-C469-4354-B6AF-01CCF96DD36F
20260214,CUBE COMBO,500,TWD,點點卡,500,TWD,,,2026-02-25 09:46:22,591FB83E-5077-4814-AD81-353650FDF95B
20260213,中信,10000,TWD,討債時間！,10000,TWD,,C寶的安家支援 - 哥哥學費,2026-02-13 01:27:01,7B9E11D4-FD2D-461C-B77A-7F0960B7E65C
20260212,Bankee,10000,TWD,中信,10000,TWD,,,2026-02-12 22:55:20,E0EDDE92-048E-471E-92B3-A210601E07E2
20260209,國泰子帳戶,593,TWD,元大50,593,TWD,,,2026-02-10 08:30:36,5EC2BD10-394F-4394-A622-D2DCFF46DB36
20260205,郵局,10000,TWD,Bankee,10000,TWD,,,2026-02-05 20:08:08,ABEB3377-86DE-4DF0-8C3B-01BA0A27C700
20260205,郵局,2193,TWD,國泰子帳戶,2193,TWD,,,2026-02-05 20:07:22,D6F37420-4170-42A9-A9F3-4B3791728775
20260205,Bankee,100,TWD,悠遊付錢包,100,TWD,,,2026-02-05 20:02:00,89654695-A3D5-46DD-AC4A-01016455C962
20260202,國泰子帳戶,570,TWD,元大50,570,TWD,,,2026-02-05 14:04:03,49FA50DB-F68E-4DD3-8513-3156FD87C814
20260201,Bankee,200,TWD,悠遊付錢包,200,TWD,,,2026-02-06 13:20:30,49246A7C-F818-4782-A4BF-1180B0D27BE8
20260130,中信,15138,TWD,Bankee,15138,TWD,,,2026-01-30 13:59:27,18FFF3B7-CB01-489A-A581-BE5B3EBFEA7F
20260130,中信,12000,TWD,國泰子帳戶,12000,TWD,,,2026-01-30 13:58:28,9E4C8A71-948A-4CE4-B93B-E1AEEF8598A8
20260128,國泰子帳戶,52,TWD,兆豐藍籌,52,TWD,,,2026-02-05 14:06:14,4BA7A0EE-C99D-4711-B2F7-6ADAEB92DA03
20260128,國泰子帳戶,591,TWD,元大50,591,TWD,,,2026-02-05 14:05:35,FB485FB8-6929-4049-874C-2404AED4A37E
20260127,國泰子帳戶,584,TWD,元大50,584,TWD,,,2026-02-05 14:07:26,1F5C3B86-C720-4E60-B806-507D8F3FD53E
20260127,國泰子帳戶,52,TWD,兆豐藍籌,52,TWD,,,2026-02-05 14:07:00,5AF0EA85-31E9-4B4E-A41F-A6DD9EDB890C
20260127,國泰子帳戶,8507,TWD,CUBE COMBO,8507,TWD,,自動繳款[12月09日〜1月08日],2026-01-27 08:29:45,CC8921C1-696E-418E-9C5F-D02E1C36579F
20260126,國泰子帳戶,580,TWD,元大50,580,TWD,,,2026-01-26 20:27:40,961139E5-4AB8-48E3-BF2E-898261C53E09
20260122,BT21,260,TWD,中信,260,TWD,,,2026-01-23 08:28:18,4E9B4F12-67F0-4591-AAC2-45A93AE45B24
20260122,BT21,260,TWD,郵局,260,TWD,,,2026-01-23 08:28:02,61E93F6D-EC3C-4640-8EB0-1C02EB18F2B7
20260122,Bankee,7165,TWD,BT21,7165,TWD,,,2026-01-22 08:27:12,FDEBA9FA-8F0A-442A-A969-620F722A52BF
20260120,國泰子帳戶,98,TWD,兆豐藍籌,98,TWD,,,2026-02-05 14:08:27,F388D79A-98D4-4609-96D6-0766F49B0B9B
20260119,國泰子帳戶,97,TWD,兆豐藍籌,97,TWD,,,2026-01-19 21:17:25,471D734D-FBAE-4BED-9566-5CA2A64CD3E0
20260119,國泰子帳戶,1728,TWD,元大50,1728,TWD,,,2026-01-19 21:16:43,798554CB-B3E6-40BD-9A5F-3D61034F4D95
20260118,Bankee,100,TWD,悠遊付錢包,100,TWD,,,2026-01-18 23:37:39,32188EA3-3DFC-46FD-962B-BB03A92A9489
20260109,國泰子帳戶,559,TWD,元大50,559,TWD,,,2026-01-17 00:27:37,B26232D0-A8DD-463D-AAEB-E3715649ED9A
20260104,CUBE COMBO,500,TWD,點點卡,500,TWD,,,2026-01-04 10:38:50,A09E65CB-AA43-491A-BBD5-5C77FE4362A3
20260103,Bankee,100,TWD,悠遊付錢包,100,TWD,,,2026-01-03 20:25:08,C6238F86-E9B7-439E-8DB4-88D913C61785
20260102,國泰子帳戶,866,TWD,元大50,866,TWD,,,2026-01-17 00:28:14,F70AF012-9DC9-4042-A544-098E24BB356B
20260102,中信,23150,TWD,Bankee,23150,TWD,,,2026-01-02 17:28:05,4F518C02-49F9-440A-86C4-7666CE8F643C
20260102,郵局,17000,TWD,國泰子帳戶,17000,TWD,,,2026-01-02 17:26:28,E2A339A4-7384-4D05-9F44-1BD4022CE627
20251229,國泰子帳戶,178,TWD,兆豐藍籌,178,TWD,,,2026-01-17 00:35:12,FC6613DD-BB6A-48AB-BF60-5835AAAC5A4E
20251229,國泰子帳戶,1694,TWD,元大50,1694,TWD,,,2026-01-17 00:33:27,115AA28D-3720-425A-AA0B-6AF8B4596DB2
20251226,國泰子帳戶,4349,TWD,CUBE COMBO,4349,TWD,,自動繳款[11月09日〜12月08日],2026-01-24 16:27:39,D112129E-A5AF-457A-8BD5-16C3C1CBC005
20251224,國泰子帳戶,895,TWD,元大50,895,TWD,,,2026-01-17 00:30:19,106A7648-32E5-43DA-9014-EE437E65BBD8
20251222,國泰子帳戶,88,TWD,兆豐藍籌,88,TWD,,,2026-01-17 00:30:38,CA827D91-9F75-4610-A017-12B257FB1524
20251222,Bankee,2865,TWD,BT21,2865,TWD,,自動繳款[11月07日〜12月06日],2026-01-02 17:23:26,161D7285-6FEC-424D-B2A5-41816EF97F5D
20251219,國泰子帳戶,86,TWD,兆豐藍籌,86,TWD,,,2025-12-21 11:16:29,B9C77A28-106A-4929-A8B0-CFB965DC4475
20251219,國泰子帳戶,877,TWD,元大50,877,TWD,,,2025-12-21 11:16:06,083B4826-5276-4834-8D06-960CA7CB1CD6
20251219,CUBE COMBO,500,TWD,點點卡,500,TWD,,,2025-12-19 13:47:26,906D9D3F-2144-4872-A998-6D3598162CD6
20251218,國泰子帳戶,866,TWD,元大50,866,TWD,,,2025-12-21 11:17:00,F162FD49-C1B3-42A3-B9D6-6C8CE826A89F
20251217,國泰子帳戶,873,TWD,元大50,873,TWD,,,2025-12-21 11:19:08,5D64C69C-6F28-42FA-A78B-3D593B2A7591
20251217,撲滿現金,10,TWD,錢包,10,TWD,,,2025-12-17 22:58:04,FE848839-97B4-4DBA-9FAC-FE3613094DE8
20251216,國泰子帳戶,1853,TWD,元大50,1853,TWD,,,2025-12-21 11:18:37,F5B56104-3B30-4E21-93BC-B4341D2E53EB
20251215,國泰子帳戶,3141,TWD,元大50,3141,TWD,,,2025-12-21 11:18:06,B5D8215D-372C-4906-8134-56DBC8557945
20251213,Bankee,200,TWD,悠遊付錢包,200,TWD,,,2025-12-13 23:48:32,C9415638-C19A-4B2F-9859-3049F09F0555
20251211,郵局,2000,TWD,國泰子帳戶,2000,TWD,,,2025-12-15 15:12:51,791D9159-0C1E-452D-A5F7-FDD8E512C890
20251211,國泰子帳戶,3168,TWD,元大50,3168,TWD,,,2025-12-11 14:33:06,154AFB2F-4B8D-402D-9E1B-A3C4F645ECFF
20251209,國泰子帳戶,892,TWD,元大50,892,TWD,,,2025-12-09 20:56:11,F97D518E-878D-4CF9-9FF3-F3763FAF7235
20251207,郵局,3000,TWD,中信,3000,TWD,,,2025-12-07 14:42:34,7903018E-7B96-4971-AA58-4C37E7BBCCFC
20251205,Bankee,1500,TWD,錢包,1500,TWD,,,2025-12-05 14:54:11,31B71B8B-D795-4B51-AD92-9B24D561055A
20251202,國泰子帳戶,867,TWD,元大50,867,TWD,,,2025-12-06 23:30:31,854D408D-803A-4183-8D58-E06F19F7A640
20251128,國泰子帳戶,86,TWD,兆豐藍籌,86,TWD,,,2025-12-06 23:31:49,31B66F20-9FA6-4D8F-899B-53B6C74AFFD6
20251128,國泰子帳戶,684,TWD,元大50,684,TWD,,,2025-12-06 23:31:08,82DD79A9-380F-42B9-B493-E5B9FFA05FFF
20251128,中信,22590,TWD,Bankee,22590,TWD,,,2025-11-28 09:55:45,CD00F4AD-C698-429E-A284-8BC05457773A
20251127,國泰子帳戶,86,TWD,兆豐藍籌,86,TWD,,,2025-11-27 16:42:03,5B770CFC-EE4F-4A39-8B1E-76BE710088AE
20251127,國泰子帳戶,682,TWD,元大50,682,TWD,,,2025-11-27 16:41:30,441A4FED-5824-4C17-9324-B45FBC206279
20251125,國泰子帳戶,5027,TWD,CUBE COMBO,5027,TWD,,自動繳款[10月09日〜11月08日],2026-01-24 16:30:25,9796EC51-DED1-4636-B6EC-20A23DD570AA
20251124,郵局,6000,TWD,國泰子帳戶,6000,TWD,,,2025-11-24 19:42:27,DDC028F5-9EA3-4653-AE91-8F73EC099110
20251124,國泰子帳戶,657,TWD,元大50,657,TWD,,,2025-11-24 19:41:08,2F0A5CE6-007F-4715-BB30-391C43C35358
20251122,CUBE COMBO,500,TWD,點點卡,500,TWD,,,2025-11-22 10:29:05,B69D2575-786F-496D-86EB-00D3E576D90A
20251121,國泰子帳戶,1316,TWD,元大50,1316,TWD,,,2025-11-24 07:52:26,4AB6A381-809A-460B-9BB4-0369CA6E8F82
20251121,郵局,3000,TWD,國泰子帳戶,3000,TWD,,,2025-11-21 11:12:38,297B6106-1F33-4E2B-AE2B-54FD20458E15
20251121,Bankee,1918,TWD,BT21,1918,TWD,,自動繳款[10月07日〜11月06日],2025-11-24 20:20:06,9EF8BDDA-A101-4326-B078-3A1E99535CD2
20251120,國泰子帳戶,460,TWD,兆豐藍籌,460,TWD,,,2025-11-20 19:31:28,3638C49C-6ECE-43B3-9CC6-19997FC94B10
20251119,國泰子帳戶,490,TWD,兆豐藍籌,490,TWD,,,2025-11-24 07:54:27,CAE40F06-5CDB-497E-884D-2C7DFEBB926E
20251119,BT21,491,TWD,中信,491,TWD,,,2025-11-21 23:30:20,C8F86C67-6F1A-4A32-903F-25A50738D48C
20251119,國泰子帳戶,2405,TWD,元大50,2405,TWD,,,2025-11-24 07:52:42,3779281A-F60F-4AA7-BF7B-C0F0CDD875E5
20251119,郵局,3876,TWD,國泰子帳戶,3876,TWD,,,2025-11-19 14:54:13,5E907FB0-C6BC-4C45-A6C8-DCD605F58424
20251119,國泰子帳戶,663,TWD,元大50,663,TWD,,,2025-11-24 07:53:10,2804E616-B1FA-468A-B505-A01DA6FCB81E
20251118,國泰子帳戶,669,TWD,元大50,669,TWD,,,2025-11-18 16:08:03,CF82E222-E904-476D-8961-0A58393DC7B8
20251117,國泰子帳戶,683,TWD,元大50,683,TWD,,,2025-11-18 16:09:35,F81BA3F9-084C-429A-A2CC-DA798AC45D1E
20251115,中信,11000,TWD,Bankee,11000,TWD,,,2025-11-15 16:30:19,6D212D90-0F17-40EC-96C8-867532B2BC32
20251115,錢包,11000,TWD,中信,11000,TWD,,,2025-11-15 12:48:50,3DC3E84B-D3EC-4E2C-A14F-49C305FB3426
20251114,郵局,2500,TWD,國泰子帳戶,2500,TWD,,,2025-11-14 13:35:00,0E6838D9-8538-4F46-9432-717475B494F4
20251114,國泰子帳戶,1234,TWD,元大50,1234,TWD,,,2025-11-14 13:33:24,48C3D711-282C-4DFA-8D25-BCF9CB6148C5
20251110,國泰子帳戶,693,TWD,元大50,693,TWD,,,2025-11-10 16:52:53,4BC8055F-8CF9-4537-92A9-EE6862074772
20251108,Bankee,2000,TWD,錢包,2000,TWD,,,2025-11-08 14:33:29,49AC9B53-BDD0-4268-909E-7F01BFC9D059
20251105,CUBE COMBO,500,TWD,點點卡,500,TWD,,,2025-11-20 23:13:45,E8C8E883-8EB1-4352-A557-7723A0FA4DC4
20251103,國泰子帳戶,643,TWD,元大50,643,TWD,,,2025-11-03 19:52:58,0E341F1C-738E-4813-AE1B-D6121B56BC33
20251102,Bankee,300,TWD,悠遊付錢包,300,TWD,,,2025-11-02 22:52:03,E8E10181-A339-4692-9B94-B70DD500CABE
20251101,中信,17844,TWD,Bankee,17844,TWD,,,2025-11-01 16:06:19,9A6BD557-CFB5-4A1F-8527-9E94713EFC94
20251101,中信,5000,TWD,國泰子帳戶,5000,TWD,,,2025-11-01 16:03:04,F115F640-A25E-42B0-8042-2FD650FB31CE
20251101,Bankee,50000,TWD,國泰子帳戶,50000,TWD,,,2025-11-01 15:59:08,2DC55AAE-21D7-4CEC-B8AA-1FA088134E81
20251028,國泰子帳戶,265,TWD,兆豐藍籌,265,TWD,,,2025-10-28 19:39:07,0A1CF069-2AAD-4C3D-BD25-6323B3DB1BF6
20251028,國泰子帳戶,255,TWD,元大50,255,TWD,,,2025-10-28 19:38:56,B012F0A2-2C4F-4D5C-B6B6-54D3F52FAE3F
20251028,錢包,150,TWD,郵局,150,TWD,,,2025-10-28 17:50:20,A2267377-6229-40B5-92F1-EA8A84C2C804
20251027,國泰子帳戶,265,TWD,兆豐藍籌,265,TWD,,,2025-10-27 20:04:12,0F0E5D3A-31AC-4991-B63A-C8FA64C0158F
20251027,國泰子帳戶,255,TWD,元大50,255,TWD,,,2025-10-27 20:03:55,F4BD33F3-5F63-4AFE-BC26-AC65A4650B3F
20251025,Bankee,1000,TWD,錢包,1000,TWD,,,2025-10-25 16:59:33,F8A50F6A-68D2-40F9-A25B-36FDA92262C0
20251024,國泰子帳戶,6762,TWD,CUBE COMBO,6762,TWD,,自動繳款[9月09日〜10月08日],2025-10-28 08:20:44,7C702DAB-A120-404A-AFBA-DEF17BB0201B
20251023,國泰子帳戶,259,TWD,兆豐藍籌,259,TWD,,,2025-10-23 15:49:12,B469A47A-7CCC-4132-813C-B1EE81B26483
20251021,Bankee,5500,TWD,國泰子帳戶,5500,TWD,,,2025-10-21 11:10:12,89AB3E37-F6CB-4EA4-8044-1DE3009CD3CE
20251021,Bankee,6476,TWD,BT21,6476,TWD,,自動繳款[9月07日〜10月06日],2025-10-28 08:21:19,7C098649-5F78-438E-BC62-15FEAF372938
20251020,國泰子帳戶,174,TWD,兆豐藍籌,174,TWD,,,2025-10-21 11:05:34,7742614D-46C3-4316-B04C-76F95EEB6F63
20251016,郵局,13200,TWD,Bankee,13200,TWD,,,2025-10-16 23:15:49,EB3FB6EF-C425-4BF0-9BB8-9270AB68E708
20251016,Bankee,1000,TWD,錢包,1000,TWD,,,2025-10-16 23:14:28,1BA8E13B-764C-4A96-B52C-C59F4799ADA5
20251013,國泰子帳戶,97,TWD,群益台灣50,97,TWD,,,2025-10-21 11:07:14,6FFC37C0-25CF-4E94-830C-650FBA50F853
20251010,郵局,7878,TWD,Bankee,7878,TWD,,,2025-10-10 15:43:09,6CA5CC33-CF85-46E2-B357-5AA9DD048C16
20251010,Bankee,3100,TWD,國泰數位帳戶,3100,TWD,,,2025-10-10 14:09:39,CC594DFE-949E-4B1F-9BCB-B3B84E3030EB
20251009,國泰子帳戶,86,TWD,兆豐藍籌,86,TWD,,,2025-10-21 11:07:55,10000545-3AC9-460F-AD26-F1A43039A44B
20251007,國泰子帳戶,98,TWD,群益台灣50,98,TWD,,,2025-10-08 09:05:43,6457742D-8910-4EE7-B7A4-7EA751769887
20251004,錢包,160,TWD,撲滿現金,160,TWD,,,2025-10-04 01:44:35,6E47AE8F-9301-4636-84A4-6E2276759DC3
20251003,國泰子帳戶,84,TWD,兆豐藍籌,84,TWD,,,2025-10-03 23:35:36,678B8E3E-2ECB-48E7-A0B5-9ABE3607E481
20251003,中信,22000,TWD,Bankee,22000,TWD,,,2025-10-03 18:55:24,35BDA983-CD1A-46C2-857F-78D7D842350D
20251003,Bankee,300,TWD,悠遊付錢包,300,TWD,,,2025-10-03 14:13:49,A4BC4BD0-4A5A-4035-BDEB-228370F7E718
20250930,國泰子帳戶,164,TWD,兆豐藍籌,164,TWD,,,2025-10-02 18:40:18,AFAC46D4-4BA9-4989-AD1E-EFBFFA8E7FD7
20250926,CUBE COMBO,209,TWD,錢包,209,TWD,,,2025-09-26 19:32:58,8D08D741-2183-48B8-8BCF-22ED7B775EC5
20250925,郵局,5000,TWD,國泰子帳戶,5000,TWD,,,2025-09-25 07:39:55,49CB9A8C-DBBA-4A20-A49D-D321E1B2F926
20250925,國泰子帳戶,6299,TWD,CUBE COMBO,6299,TWD,,自動繳款[8月09日〜9月08日],2025-09-25 07:38:40,D203A951-34B5-43BD-8E1D-5984C5277CAC
20250923,國泰子帳戶,83,TWD,兆豐藍籌,83,TWD,,,2025-09-24 09:08:12,C8E8AEFF-9715-4EDE-9F20-EB26566A2F51
20250922,國泰子帳戶,82,TWD,兆豐藍籌,82,TWD,,,2025-09-22 19:48:12,5EA65590-0466-40B7-90FF-4E9E9BB35C5C
20250922,Bankee,3386,TWD,BT21,3386,TWD,,自動繳款[8月07日〜9月06日],2025-09-23 10:50:38,9A4F8BA0-E7EB-47F6-8C2B-24A3ADFBAC6D
20250920,CUBE COMBO,500,TWD,點點卡,500,TWD,,,2025-09-20 15:15:25,BD2D7986-7AD6-4871-BD99-89C3A2312A7E
20250920,郵局,1000,TWD,國泰數位帳戶,1000,TWD,,,2025-09-20 13:36:41,31EDF5D5-DCB4-433D-8498-80BC344E05DA
20250919,國泰子帳戶,82,TWD,兆豐藍籌,82,TWD,,,2025-09-20 15:38:52,712F0010-FA47-4D50-866B-D6930303EA4C
20250916,BT21,170,TWD,錢包,170,TWD,,,2025-09-16 21:35:49,C07060E0-F878-425E-8EBC-C38E85085AA4
20250914,中信,2000,TWD,錢包,2000,TWD,,,2025-09-15 19:00:27,45419758-49C9-4398-945D-057A3852C511
20250914,郵局,3000,TWD,Bankee,3000,TWD,,,2025-09-14 16:09:23,29697BF1-4CFD-4B64-A674-2CF29E260536
20250911,郵局,25000,TWD,Bankee,25000,TWD,,,2025-09-11 07:55:46,FE4E424E-025A-4A30-B8E5-34E0D659C6E7
20250910,國泰子帳戶,180,TWD,群益台灣50,180,TWD,,,2025-09-10 19:58:03,107E4EAA-0331-4D1F-9F65-900D570E3E9F
20250909,國泰子帳戶,79,TWD,兆豐藍籌,79,TWD,,,2025-09-20 15:39:33,F365833D-FD6E-4D96-AC6D-44A6C153A5EB
20250906,Bankee,3000,TWD,錢包,3000,TWD,,,2025-09-06 21:39:11,735FBD53-896E-45B0-AB2B-D12132F2646A
20250906,撲滿現金,60,TWD,錢包,60,TWD,,,2025-09-06 18:18:41,93952F2B-6A7C-4B48-BCC7-B73666AF9F01
20250905,國泰子帳戶,283,TWD,群益台灣50,283,TWD,,,2025-09-05 19:48:00,89B5D9D7-DECA-4B4D-B116-2E456F5964CC
20250903,國泰子帳戶,75,TWD,兆豐藍籌,75,TWD,,,2025-09-03 20:42:00,50891CFC-DE1C-44AA-9BFE-D3F641374EEF
20250903,郵局,25514,TWD,Bankee,25514,TWD,,,2025-09-03 12:19:38,04454CB6-6F3B-4FFD-B944-3E4712BAAECD
20250901,CUBE COMBO,500,TWD,點點卡,500,TWD,,,2025-09-02 20:00:38,63F02FDA-8ACA-48D0-959E-A87A769A0CE7
20250830,撲滿現金,900,TWD,錢包,900,TWD,,,2025-09-01 18:33:35,44B80495-3098-4F2E-B4D5-0713D120DD5A
20250830,中信,30000,TWD,Bankee,30000,TWD,,,2025-08-30 14:14:27,DC0ABB20-120A-4E29-957C-639560614A9D
20250829,點點卡,133,TWD,中信,133,TWD,,,2025-08-30 11:56:22,71613036-018E-479B-B743-0425BC578C65
20250829,CUBE COMBO,300,TWD,點點卡,300,TWD,,,2025-08-30 11:51:47,D97CC3AB-4F32-4108-AC29-C25028F47ED1
20250828,Bankee,7000,TWD,國泰子帳戶,7000,TWD,,,2025-08-30 14:20:26,17AE4D52-36F2-4B35-BF82-644622259C9C
20250828,國泰子帳戶,77,TWD,兆豐藍籌,77,TWD,,,2025-08-30 14:18:15,9324ACAF-FC42-4ECD-9DDF-6CE682DFC6B1
20250828,CUBE COMBO,500,TWD,點點卡,500,TWD,,,2025-08-28 01:57:07,371F61F6-EAD0-4A30-9797-534B52758BE8
20250827,國泰子帳戶,77,TWD,兆豐藍籌,77,TWD,,,2025-08-30 14:17:56,57A211FD-097B-4D37-81AC-D5F4020B4439
20250827,iPASS MONEY,1000,TWD,Bankee,1000,TWD,,,2025-08-27 13:30:03,E1302781-1F0B-4C14-A566-5446E5722F0B
20250825,國泰子帳戶,76,TWD,兆豐藍籌,76,TWD,,,2025-08-25 19:22:15,48121D5B-BD6D-439C-953A-4CEC21DB8304
20250825,國泰子帳戶,5987,TWD,CUBE COMBO,5987,TWD,,自動繳款[7月09日〜8月08日],2025-08-25 19:20:49,0797AC93-6363-4D77-89C0-473480E8F878
20250823,Bankee,2000,TWD,錢包,2000,TWD,,,2025-08-23 16:42:31,173EDB0B-32D0-4995-93E8-1FBD928853C3
20250821,Bankee,6035,TWD,BT21,6035,TWD,,自動繳款[7月07日〜8月06日],2025-08-22 07:36:30,C3DD2BD6-CA56-47EA-9D6C-6DE27DC50C3D
20250820,國泰子帳戶,74,TWD,兆豐藍籌,74,TWD,,,2025-08-23 18:27:55,AFFCB47A-62D8-45F0-99B3-FBA774029E70
20250819,國泰子帳戶,77,TWD,兆豐藍籌,77,TWD,,,2025-08-19 20:21:35,7240CCD1-EDE6-469D-83B3-4113F4220A19
20250818,郵局,30000,TWD,Bankee,30000,TWD,,,2025-08-18 14:00:23,2B906B84-FD90-40E0-B988-C9915EF0AE3B
20250816,中信,20000,TWD,郵局,20000,TWD,,,2025-08-16 10:48:14,81ED1156-AF49-49E9-88E5-0C8BA2A47C9B
20250815,BT21,210,TWD,錢包,210,TWD,,寶新竹台中,2025-08-15 07:43:54,472426F8-4DCA-4443-A56C-B2114EC3A326
20250813,錢包,5000,TWD,郵局,5000,TWD,,,2025-08-13 20:00:16,CB46E812-1625-4C7C-A106-EE1DA9FAFFE2
20250811,國泰子帳戶,90,TWD,群益台灣50,90,TWD,,,2025-08-23 18:29:14,63729725-F389-42F0-A692-71F880D04318
20250811,國泰子帳戶,77,TWD,兆豐藍籌,77,TWD,,,2025-08-23 18:28:47,1B755F18-5A51-4412-8EB0-A68653150F41
20250805,國泰子帳戶,178,TWD,群益台灣50,178,TWD,,,2025-08-23 18:29:55,A3035AB6-D599-4596-A234-419D6C4CAC1B
20250804,國泰子帳戶,74,TWD,兆豐藍籌,74,TWD,,,2025-08-23 18:31:14,CE65FAE0-B1EC-45F9-8E62-6F47D927D904
20250728,郵局,5000,TWD,國泰子帳戶,5000,TWD,,,2025-07-28 20:50:09,5CA7B2EE-F5DA-4DAF-A108-25665191D385
20250728,國泰子帳戶,148,TWD,兆豐藍籌,148,TWD,,,2025-07-28 20:46:53,70117F24-97B4-4BB1-B920-216516916735
20250727,CUBE COMBO,300,TWD,點點卡,300,TWD,,,2025-07-27 12:40:08,84181A31-FDA6-45ED-B48D-5F37F0EEE615
20250724,國泰子帳戶,74,TWD,兆豐藍籌,74,TWD,,,2025-07-28 20:48:24,49BE59B3-CC3B-459A-B624-C7CBCEDC9363
20250724,國泰子帳戶,5010,TWD,CUBE COMBO,5010,TWD,,自動繳款[6月09日〜7月08日],2025-07-28 20:47:30,B4843599-6232-43D0-9F91-C87E1AE16B97
20250723,郵局,20000,TWD,Bankee,20000,TWD,,,2025-07-23 01:50:25,FA862B56-C659-49CC-ADD3-C5329336074B
20250723,國泰數位帳戶,1000,TWD,國泰子帳戶,1000,TWD,,,2025-07-23 01:46:32,981B0782-FE09-4933-B2CF-588A960209B2
20250722,錢包,950,TWD,撲滿現金,950,TWD,,,2025-07-22 19:39:18,16B76299-B9DF-4015-84F3-F73104CB53DE
20250722,郵局,1000,TWD,國泰數位帳戶,1000,TWD,,,2025-07-22 18:22:39,67C3BFF3-EBCE-479B-98A3-D53731E61C4A
20250722,郵局,2000,TWD,錢包,2000,TWD,,,2025-07-22 18:22:20,95922D21-890F-4728-B2A6-239BEDE72881
20250722,Bankee,4982,TWD,BT21,4982,TWD,,自動繳款[6月07日〜7月06日],2025-07-23 01:48:16,86F124E7-A977-4F89-89CE-FD324530B8BB
20250721,國泰子帳戶,148,TWD,兆豐藍籌,148,TWD,,,2025-07-23 01:45:04,566FAE61-CBD1-4071-95E9-8F44B1B0A66E
20250720,撲滿現金,300,TWD,錢包,300,TWD,,,2025-07-20 17:09:40,94A8B4A3-3457-4051-9FC2-E3D7BC1E56C5
20250714,國泰子帳戶,87,TWD,群益台灣50,87,TWD,,,2025-07-14 20:19:57,E9DDC88B-E6D1-4196-BA48-13C355FFD101
20250710,國泰子帳戶,87,TWD,群益台灣50,87,TWD,,,2025-07-10 23:52:18,9FB3E667-4405-45B0-BA91-0AF1A4575B70
20250707,國泰子帳戶,170,TWD,群益台灣50,170,TWD,,,2025-07-07 22:01:52,499A12DC-7B79-4D30-8ADB-43DC8BC2DB28
20250705,Bankee,300,TWD,悠遊付錢包,300,TWD,,,2025-07-06 11:45:09,3C36311A-9060-4B81-B77C-7F3E920311FC
20250705,Bankee,2000,TWD,錢包,2000,TWD,,,2025-07-05 09:56:35,27C02F42-9181-40BC-B6D4-F932BF3B9A0C
20250703,台新美元,1212,USD,鑫多利,1212,USD,,,2025-07-07 22:25:36,F3B34DBB-C0A2-44BA-BBFF-23D604DE2B5E
20250703,國泰子帳戶,86,TWD,群益台灣50,86,TWD,,,2025-07-03 22:10:13,5E5F8638-5F05-45AA-AA53-115582BDA106
20250703,國泰子帳戶,71,TWD,兆豐藍籌,71,TWD,,,2025-07-03 22:09:52,09E454A9-C98B-4769-976B-9D606F49CBE2
20250702,Bankee,300,TWD,悠遊付錢包,300,TWD,,,2025-07-02 09:58:11,0F6A8E64-79AD-4269-A811-7A3CB83B34BD
20250701,國泰子帳戶,86,TWD,群益台灣50,86,TWD,,,2025-07-01 20:00:52,443CE08E-DF5C-4F7B-AE9F-15E638F6A2DA
20250701,Bankee,300,TWD,悠遊付錢包,300,TWD,,,2025-07-01 13:23:14,77220921-6344-401A-AC73-30DF2220CC76
20250630,Bankee,8800,TWD,台新活儲戶,8800,TWD,,,2025-06-30 21:53:54,B64522A1-0D33-4D08-B8FD-CA25F4B6382A
20250630,台新活儲戶,8802,TWD,台新美元,300,USD,,,2025-06-30 21:53:38,7404A0C5-F330-41CB-8EE4-0EBB870DE680
20250630,Bankee,3000,TWD,錢包,3000,TWD,,,2025-06-30 18:21:40,5E9149B5-95D7-4A8C-BB6D-3F962CF0082D
20250627,國泰子帳戶,69,TWD,兆豐藍籌,69,TWD,,,2025-06-27 21:14:25,0CF9A9F1-C413-4B61-8E3C-FC45EDF3138F
20250627,Bankee,5800,TWD,台新活儲戶,5800,TWD,,,2025-06-27 16:54:42,401411E6-F5E9-4876-8035-5539732DC25C
20250627,郵局,5800,TWD,台新活儲戶,5800,TWD,,,2025-06-27 16:47:00,A969FBEA-48BB-4970-8CB8-9B0AB7FF300B
20250627,台新活儲戶,11680,TWD,台新美元,400,USD,,,2025-06-27 16:58:18,9D0737C7-1A1A-4625-AC2F-AAAD1D1916B9
20250627,台新活儲戶,2336,TWD,台新美元,80,USD,,,2025-06-27 16:30:04,DB18AB20-81E8-46C9-AE02-629E4AA294B4
20250625,台新活儲戶,35707,TWD,台新美元,1212,USD,,,2025-06-25 14:35:31,71DAEB5C-F933-4DE6-A25A-FF877B6932D6
20250624,台新活儲戶,2954,TWD,台新美元,100,USD,,,2025-06-24 13:36:55,60C5FBB4-CE9A-43CB-B3AD-27CEE179D56D
20250624,國泰子帳戶,1000,TWD,CUBE COMBO,1000,TWD,,自動繳款[5月09日〜6月08日],2025-06-24 13:28:46,AEFF19B8-D12F-447E-A019-E162F95E0114
20250623,國泰子帳戶,67,TWD,兆豐藍籌,67,TWD,,,2025-06-23 16:17:32,153CB325-8DBD-4DB7-96A4-9C06CB87CAD9
20250623,撲滿現金,320,TWD,錢包,320,TWD,,,2025-06-27 00:17:13,5ADAA3BC-39B6-4D6D-9EFB-DEF007084458
20250623,Bankee,5756,TWD,BT21,5756,TWD,,自動繳款[5月07日〜6月06日],2025-06-24 13:20:15,C80520FD-08D6-40BF-92C6-252AD8C42F23
20250621,郵局,30000,TWD,Bankee,30000,TWD,,,2025-06-21 19:04:32,4C470223-3D81-4310-8CC1-6B91DC0ACA39
20250620,撲滿現金,300,TWD,錢包,300,TWD,,,2025-06-20 12:27:03,13098CF1-A3ED-4CF2-BF0A-CFB82EDBBE8A
20250617,CUBE COMBO,500,TWD,點點卡,500,TWD,,,2025-06-17 21:27:05,7EAD6160-604E-4E9C-909F-25CA35768ADD
20250616,國泰子帳戶,83,TWD,群益台灣50,83,TWD,,,2025-06-16 18:14:03,E91FA56F-B9FA-411A-85B6-9761F2274F1B
20250614,國泰子帳戶,500,TWD,國泰數位帳戶,500,TWD,,,2025-06-14 19:50:04,C1561169-DE12-46DA-B6A3-5624E17EBC6F
20250612,BT21,1300,TWD,錢包,1300,TWD,,,2025-06-12 21:18:56,195C72F5-9D5B-4DE7-84BB-1FA774EAC3B7
20250612,BT21,360,TWD,iPASS MONEY,360,TWD,,,2025-06-12 21:17:12,D15FBC6E-939F-4B21-B744-199F563C2FDC
20250612,撲滿現金,300,TWD,錢包,300,TWD,,,2025-06-12 18:46:56,855CD530-3D09-4852-BC42-C40F4AF7C7A9
20250610,國泰子帳戶,186,TWD,群益台灣50,186,TWD,,,2025-06-11 05:54:22,5FB6B163-41A9-48D2-A589-6DFB2853E316
20250610,撲滿現金,400,TWD,錢包,400,TWD,,,2025-06-10 16:47:39,35C43FD1-E063-43EF-973D-B14628EFE8DA
20250608,台新活儲戶,300,TWD,悠遊付錢包,300,TWD,,,2025-06-08 20:13:19,8686AB55-30DF-4070-9A6E-9197BB9DC1F7
20250608,撲滿現金,400,TWD,錢包,400,TWD,,,2025-06-08 19:14:01,B1C31B7C-288C-4910-B137-85858CD108F7
20250606,國泰子帳戶,181,TWD,群益台灣50,181,TWD,,,2025-06-06 17:12:36,4B30D07E-90E8-427F-A6E7-99C5173C8B99
20250605,國泰子帳戶,181,TWD,群益台灣50,181,TWD,,,2025-06-05 20:18:40,0899FE15-78F6-46F9-A9DF-307B1B587593
20250604,BT21,209,TWD,錢包,209,TWD,,,2025-06-04 18:36:21,7B271C47-7B50-4381-AB18-EC51CB3BF07D
20250604,台新活儲戶,300,TWD,悠遊付錢包,300,TWD,,,2025-06-04 14:17:03,FF3F38F9-8761-45FC-9E93-19E941D1417A
20250603,國泰子帳戶,290,TWD,兆豐藍籌,290,TWD,,,2025-06-03 20:23:32,4A971E2B-1E66-4D09-A806-A67D60BDBF1E
20250603,郵局,5000,TWD,國泰子帳戶,5000,TWD,,,2025-06-03 17:08:01,9F1E2F70-0DA8-4BC6-BA6C-C5121E25A1CA
20250603,國泰子帳戶,296,TWD,群益台灣50,296,TWD,,,2025-06-03 20:23:14,805DDA1B-4F85-4E54-9E81-838AD417CB1A
20250602,國泰子帳戶,196,TWD,群益台灣50,196,TWD,,,2025-06-03 10:47:35,83CFAE86-53CD-4800-82A2-DF8328896373
20250527,撲滿現金,700,TWD,錢包,700,TWD,,,2025-05-27 18:19:25,135DDE92-9533-4E35-9FFB-053B8A128698
20250527,國泰子帳戶,2448,TWD,CUBE COMBO,2448,TWD,,,2025-05-27 08:39:50,5BC81B33-4E23-4430-9455-ED98D8CF4620
20250526,郵局,20000,TWD,Bankee,20000,TWD,,,2025-05-26 02:59:28,10C4F80A-07DA-415A-AF7B-4877F74AAE07
20250524,CUBE COMBO,500,TWD,點點卡,500,TWD,,,2025-05-26 02:18:11,301EBDFA-45E5-48A0-BB1D-EE29EDF15A27
20250522,BT21,75,TWD,錢包,75,TWD,,,2025-05-26 02:15:37,A0297F70-DF04-426D-BB51-770CECCB0AF5
20250522,Bankee,200,TWD,悠遊付錢包,200,TWD,,,2025-05-26 02:15:00,E838DF5C-945E-415F-B6D5-2C0F8B7E4434
20250521,Bankee,3664,TWD,BT21,3664,TWD,,自動繳款[4月07日〜5月06日],2025-05-26 02:20:50,2AA46059-AC27-4D64-BBC7-A2901D8F634E
20250520,BT21,153,TWD,錢包,153,TWD,,阿翰sukiya,2025-05-20 12:55:14,18CC21A1-4C0D-4C91-B837-1595D99EC4C6
20250519,Bankee,200,TWD,悠遊付錢包,200,TWD,,,2025-05-19 20:15:20,235DC452-FDE2-448E-96C0-F52CA70D79A0
20250517,撲滿現金,500,TWD,錢包,500,TWD,,,2025-05-17 11:54:59,34A52C0E-0616-47EF-9090-15F1D448A416
20250515,撲滿現金,800,TWD,錢包,800,TWD,,,2025-05-16 06:15:35,D7978245-739A-4F16-B9A7-0EC0ED0DD949
20250514,國泰子帳戶,283,TWD,群益台灣50,283,TWD,,,2025-05-14 19:37:19,F39C01FA-ABBA-4474-A5D2-168B1FED952E
20250513,錢包,4000,TWD,撲滿現金,4000,TWD,,,2025-05-13 20:01:51,EC8C6958-1EEF-45B6-A733-B3FAE46417A7
20250512,Bankee,200,TWD,悠遊付錢包,200,TWD,,,2025-05-19 02:56:19,B60EB15E-7B6A-4505-AF49-5C040BF2F899
20250512,國泰子帳戶,295,TWD,群益台灣50,295,TWD,,,2025-05-13 17:20:11,8F872860-3B40-4C4D-8B84-0B3D789A75F9
20250509,CUBE COMBO,500,TWD,點點卡,500,TWD,,,2025-05-09 18:17:04,CA5AED89-80B3-4A1F-9285-06653CAA37B3
20250509,郵局,2000,TWD,國泰子帳戶,2000,TWD,,,2025-05-09 09:44:07,D7FF8593-77DA-4B21-B784-E4A1F66330DE
20250509,國泰子帳戶,628,TWD,國泰日幣,3004,JPY,,,2025-05-09 09:42:36,31E938FB-7721-461D-BC69-2C3B1C5BE72F
20250507,郵局,11000,TWD,錢包,11000,TWD,,,2025-05-07 20:26:12,5E04715D-1B23-416A-ACE5-1D4D81BE7042
20250507,國泰子帳戶,300,TWD,國泰數位帳戶,300,TWD,,,2025-05-07 18:19:51,25EC91D6-BE69-4548-84AA-5EF750FB6720
20250507,國泰子帳戶,638,TWD,國泰日幣,2999,JPY,,,2025-05-07 16:43:29,7296213C-ECA3-4417-A64F-C21764AD7FA2
20250506,國泰子帳戶,287,TWD,群益台灣50,287,TWD,,,2025-05-06 19:50:20,37765B56-CE30-4F6F-989F-B0D4AA60F9B8
20250506,國泰子帳戶,630,TWD,國泰日幣,3000,JPY,,,2025-05-06 10:54:52,585CEB3B-1210-43F5-9234-411A74F4E18D
20250505,國泰子帳戶,574,TWD,群益台灣50,574,TWD,,,2025-05-05 17:09:08,301EBF40-0F3C-423A-AD2D-4257759EACB4
20250504,國泰子帳戶,300,TWD,國泰數位帳戶,300,TWD,,,2025-05-04 12:41:09,8D33E8E3-505C-4F86-8F8C-B03F293353F5
20250503,Bankee,200,TWD,悠遊付錢包,200,TWD,,,2025-05-03 10:40:43,A139AC30-45DE-4C0A-9D46-8E52DC5B32E0
20250502,撲滿現金,200,TWD,錢包,200,TWD,,,2025-05-02 19:45:58,2E3E0D84-ECA5-496A-AB5B-542B29AA5563
20250502,國泰子帳戶,290,TWD,群益台灣50,290,TWD,,,2025-05-02 19:44:12,B9C5EE9E-EB72-42B3-9034-DF4DD9DD10F5
20250430,國泰子帳戶,200,TWD,國泰數位帳戶,200,TWD,,,2025-04-30 12:37:46,8D235F2E-4732-4EBC-B9B8-5C507A67F568
20250430,Bankee,2000,TWD,錢包,2000,TWD,,,2025-04-30 12:37:34,0874FE40-E192-401D-9C35-4C1363A4E935
20250427,郵局,4500,TWD,國泰子帳戶,4500,TWD,,,2025-04-27 01:57:18,C82A421C-E2ED-42AD-B4E3-6808747AAB6D
20250427,撲滿現金,1200,TWD,錢包,1200,TWD,,,2025-04-27 09:43:47,2EC260FD-94DD-47A1-BB3C-49F48C5F3C82
20250425,CUBE COMBO,500,TWD,點點卡,500,TWD,,,2025-04-25 17:46:47,19E28CAA-17A7-4860-A5C3-C66B4192F5CD
20250425,錢包,1470,TWD,撲滿現金,1470,TWD,,,2025-04-25 17:43:37,233B9E00-95B3-4928-A755-CF27E943B924
20250425,Bankee,1500,TWD,錢包,1500,TWD,,,2025-04-25 14:48:09,181E9313-FB13-4284-A550-9DF9A4264472
20250425,國泰子帳戶,3299,TWD,CUBE COMBO,3299,TWD,,自動繳款[3月08日〜4月07日],2025-04-25 12:51:31,964DED85-2698-4B26-A5FC-851BB9FC1B80
20250422,錢包,8000,TWD,郵局,8000,TWD,,,2025-04-22 13:31:46,3A1BFC29-0371-4597-A768-809707B8D21F
20250422,Bankee,5754,TWD,BT21,5754,TWD,,自動繳款[3月07日〜4月06日],2025-04-22 07:21:54,B187B8D0-776B-474A-8B62-63337FA151E1
20250420,CUBE COMBO,300,TWD,點點卡,300,TWD,,,2025-04-20 14:47:19,7F80A61A-B825-49EC-B985-8808BEB2B7D4
20250416,Bankee,200,TWD,悠遊付錢包,200,TWD,,,2025-04-16 12:35:00,F93982E4-BD75-4D83-B4CF-3C8E6C437695
20250416,郵局,20000,TWD,Bankee,20000,TWD,,,2025-04-16 11:39:55,210ED81F-F8D2-48AE-82D5-189D1C7D037A
20250416,郵局,6000,TWD,國泰子帳戶,6000,TWD,,,2025-04-16 11:33:42,8315A733-593F-4883-866C-5498A5D5D3F0
20250414,國泰子帳戶,281,TWD,群益台灣50,281,TWD,,,2025-04-16 11:32:00,66B58BF0-1863-48F4-AFD9-97D689B99403
20250414,BT21,300,TWD,錢包,300,TWD,,,2025-04-14 17:53:32,2392A1A7-0C18-4634-A449-96AC4D52F8C7
20250407,國泰子帳戶,1188,TWD,群益台灣50,1188,TWD,,,2025-04-07 17:12:01,4CF88D76-AA4F-4321-9957-FF7851F2E1A7
20250401,國泰子帳戶,400,TWD,群益台灣50,400,TWD,,,2025-04-01 16:03:23,F8608DFE-40D8-46B6-9725-44A228620384
20250330,Bankee,200,TWD,悠遊付錢包,200,TWD,,,2025-03-30 20:11:19,40695F21-292D-4714-9F79-77D1FDF52F2B
20250330,Bankee,2000,TWD,錢包,2000,TWD,,,2025-03-30 14:27:27,1399E815-B75C-4628-AD38-DA4DF2DC3975
20250325,國泰子帳戶,4631,TWD,CUBE COMBO,4631,TWD,,自動繳款[2月08日〜3月07日],2025-03-25 08:45:27,E63C1B30-CBFA-4B02-880B-5A943AD3B73C
20250323,CUBE COMBO,500,TWD,點點卡,500,TWD,,,2025-03-23 19:54:18,F5E9EC5E-AE5F-47D1-9CD1-FF97AF81A25F
20250322,Bankee,3000,TWD,錢包,3000,TWD,,,2025-03-24 09:11:26,C50D6DD0-AC47-47FB-801A-8D1D80EF4654
20250321,Bankee,4515,TWD,BT21,4515,TWD,,自動繳款[2月07日〜3月06日],2025-03-24 10:03:29,FFAD7555-3A2D-4EA5-B8C1-C49AD838AC52
20250315,Bankee,400,TWD,悠遊付錢包,400,TWD,,,2025-03-15 23:03:43,5AE8A14E-2CDA-4CA6-8197-B5EEEE649E0D
20250315,CUBE COMBO,500,TWD,點點卡,500,TWD,,,2025-03-15 16:34:17,B50183F6-548D-4619-94E6-E4F7F397E836
20250314,國泰子帳戶,387,TWD,群益台灣50,387,TWD,,,2025-03-14 17:20:44,0075C95C-7ACA-4A85-8E5C-63E633097558
20250311,Bankee,200,TWD,悠遊付錢包,200,TWD,,,2025-03-11 12:11:10,39FECE20-0D26-4808-8A45-BC593FE99E84
20250311,郵局,25000,TWD,Bankee,25000,TWD,,,2025-03-11 09:56:52,F7FA70CF-A1AC-4A36-8B92-F57BC71B8515
20250311,郵局,1200,TWD,國泰子帳戶,1200,TWD,,,2025-03-11 09:51:39,5641A82E-4026-4AE3-9D0D-2D4F7A4C6479
20250310,撲滿現金,1700,TWD,錢包,1700,TWD,,,2025-03-15 23:04:41,C6AE5617-AC83-4814-821E-6C2ECE1CE0C9
20250310,國泰子帳戶,396,TWD,群益台灣50,396,TWD,,,2025-03-10 16:29:06,10F564DF-908B-4C37-B6B6-22758C89C68F
20250308,撲滿現金,500,TWD,錢包,500,TWD,,,2025-03-08 15:17:47,DE8406DD-12F4-46CF-A62F-4394D7906587
20250308,CUBE COMBO,500,TWD,點點卡,500,TWD,,,2025-03-08 15:15:56,D5552122-6489-49AA-9F29-F4001B759D84
20250306,國泰子帳戶,381,TWD,群益台灣50,381,TWD,,,2025-03-10 16:30:33,B47A0508-0F3B-475D-AAE9-096BE1A164FA
20250305,國泰子帳戶,382,TWD,群益台灣50,382,TWD,,,2025-03-05 17:25:24,F8481F75-7F74-43A6-9E83-1922A113D7E3
20250304,錢包,2100,TWD,撲滿現金,2100,TWD,,,2025-03-04 15:47:58,614AC312-D9E8-4DD0-B681-770DBFA3CDE6
20250303,郵局,17000,TWD,Bankee,17000,TWD,,,2025-03-03 18:38:09,53EB4CF0-F0D3-4515-948F-54025FAC7BB3
20250303,郵局,10000,TWD,國泰子帳戶,10000,TWD,,,2025-03-03 18:36:51,88133DA8-00D2-4F42-824E-6E94DCABAE86
20250303,國泰子帳戶,760,TWD,群益台灣50,760,TWD,,,2025-03-03 18:34:44,8993AECE-6D5F-4A5A-8303-38827D7FA35D
20250227,Bankee,200,TWD,悠遊付錢包,200,TWD,,,2025-02-27 12:52:23,AC4F5DE9-B7C1-446E-A9BA-279E820AC623
20250225,國泰子帳戶,7974,TWD,CUBE COMBO,7974,TWD,,自動繳款[1月08日〜2月07日],2025-02-25 09:54:52,8DE84DAD-6926-4E3C-9782-494396BEE758
20250222,撲滿現金,1000,TWD,錢包,1000,TWD,,,2025-02-22 13:16:37,EB9D0DDB-FE5E-441E-BF23-09EF8924BCDE
20250221,Bankee,1422,TWD,BT21,1422,TWD,,自動繳款[1月07日〜2月06日],2025-02-24 08:26:26,5F3FC575-562E-46A7-BA54-012CBE438523
20250220,CUBE COMBO,500,TWD,點點卡,500,TWD,,,2025-02-21 22:07:00,9591E92E-BB7C-4671-8E30-99E281C13765
20250219,BT21,159,TWD,錢包,159,TWD,,,2025-02-19 13:01:16,03984F77-2558-481D-9D16-AB5ABDFB6DBF
20250219,BT21,159,TWD,iPASS MONEY,159,TWD,,,2025-02-19 13:00:47,D99A175E-D3A7-4614-B106-8588744244AD
20250217,Bankee,200,TWD,悠遊付錢包,200,TWD,,,2025-03-18 17:03:57,6231AD08-10A8-433B-8216-F19D5045E3C8
20250214,BT21,269,TWD,錢包,269,TWD,,613請飲料+愛將,2025-02-14 20:10:31,CDF45F8B-40AC-4C05-A52A-9B7B6523DFFF
20250214,國泰子帳戶,291,TWD,群益台灣50,291,TWD,,,2025-02-14 16:30:38,22D6DC7E-BF4B-4EBA-83CA-D245D640A391
20250213,CUBE COMBO,500,TWD,點點卡,500,TWD,,,2025-02-13 15:00:21,41DF16FD-C00D-4E14-8AC4-4F1FD59362D2
20250212,撲滿現金,1000,TWD,錢包,1000,TWD,,,2025-02-12 17:48:16,1D7A97B0-541B-42F0-ABC6-6E76CB01FE6C
20250210,Bankee,200,TWD,悠遊付錢包,200,TWD,,,2025-02-10 23:45:53,4632D1F1-6C63-47CE-865A-46E15A351A0F
20250209,撲滿現金,500,TWD,錢包,500,TWD,,,2025-02-09 18:10:40,A990DCF4-AD64-48D9-9853-EE589D4000CD
20250206,國泰子帳戶,291,TWD,群益台灣50,291,TWD,,,2025-02-06 16:29:11,773B3E59-9A50-4734-ADFA-F9BF96775055
20250205,CUBE COMBO,500,TWD,點點卡,500,TWD,,,2025-02-05 21:57:02,770CF4F7-E138-4276-830E-54D18A02BA56
20250205,撲滿現金,300,TWD,錢包,300,TWD,,,2025-02-05 14:29:58,F8F14785-D104-4F86-B7D8-35D7BFC3F161
20250205,郵局,30000,TWD,Bankee,30000,TWD,,,2025-02-05 11:44:47,C96E3BF2-0800-47E4-A813-F5048BDCB9A2
20250204,台新活儲戶,2500,TWD,國泰子帳戶,2500,TWD,,,2025-02-04 00:17:39,574D61F8-9253-40EE-AE8A-7A8559D165B7
20250204,郵局,30000,TWD,Bankee,30000,TWD,,,2025-02-04 00:11:43,8C9375D4-4790-43D6-A54B-FAF9283DC2E5
20250203,國泰子帳戶,283,TWD,群益台灣50,283,TWD,,,2025-02-03 17:35:44,1C05546C-7437-464D-AF95-61837EA7D370
20250203,撲滿現金,4000,TWD,郵局,4000,TWD,,,2025-02-03 14:31:48,5CF9D208-4652-4DF5-A36A-22BFCD598CCD
20250203,國泰子帳戶,1335,TWD,CUBE COMBO,1335,TWD,,自動繳款[12月08日〜1月07日],2025-02-03 14:30:39,F8C1171A-8D10-41B6-9C76-F49909D5FCA8
20250202,錢包,4,TWD,撲滿現金,4,TWD,,,2025-02-02 22:00:31,6C23BF16-A729-48B0-B72B-69A4C3ECD20E
20250121,Bankee,11420,TWD,BT21,11420,TWD,,自動繳款[12月07日〜1月06日],2025-01-23 03:33:42,57C300C1-F0E0-4FE5-9BE2-F0BCC057EBEA
20250119,郵局,17000,TWD,Bankee,17000,TWD,,,2025-01-19 16:41:58,0F9E2F0D-168C-4458-BDF2-0F7AD451B3D1
20250116,郵局,500,TWD,國泰數位帳戶,500,TWD,,,2025-01-16 18:31:12,FDF30EF6-124F-47AF-A94B-218FB116F2A7
20250116,CUBE COMBO,500,TWD,點點卡,500,TWD,,,2025-01-16 09:41:29,A06AB7F9-8CCC-431B-B31F-57264BCC2C83
20250114,國泰子帳戶,283,TWD,群益台灣50,283,TWD,,,2025-01-14 16:31:02,3BE02450-0339-4852-B6E8-5AA7877F653F
20250113,Bankee,200,TWD,悠遊付錢包,200,TWD,,,2025-01-13 20:13:17,8E4C82DB-6834-4744-AEF9-664E5159415F
20250110,撲滿現金,300,TWD,錢包,300,TWD,,,2025-01-10 09:16:40,EA65E38F-69CD-4678-A9AE-08A7C96ECE58
20250108,郵局,4500,TWD,國泰數位帳戶,4500,TWD,,,2025-01-08 15:20:26,5C8B21F6-C6B8-472A-9E29-2894090429E8
20250107,Bankee,200,TWD,悠遊付錢包,200,TWD,,,2025-01-07 12:33:30,DCCB98DF-92A9-4CBA-872E-ED8E7A96ED54
20250107,撲滿現金,1500,TWD,錢包,1500,TWD,,,2025-01-07 01:38:34,B6B0F18D-CC03-4AC1-9335-E23DAA82CF07
20250105,CUBE COMBO,500,TWD,點點卡,500,TWD,,,2025-01-05 20:47:10,56CBAEBC-E899-4E65-9B15-857342727156
20250103,Bankee,200,TWD,悠遊付錢包,200,TWD,,,2025-01-03 20:14:19,3958A64A-E3B9-4072-B141-82C84BD2CBF1
20250102,國泰子帳戶,283,TWD,群益台灣50,283,TWD,,,2025-01-03 13:40:55,341EB08D-3F65-417B-A1B3-28966160B9DF
20250102,錢包,2140,TWD,撲滿現金,2140,TWD,,,2025-01-02 00:26:58,3F0F7EC7-D779-4E3F-AB32-5B537E9562A0
20241227,國泰子帳戶,500,TWD,國泰數位帳戶,500,TWD,,,2024-12-27 12:30:06,17606B64-6E4E-45F3-9ABA-F1A1C7CDD7FD
20241225,CUBE COMBO,500,TWD,點點卡,500,TWD,,,2024-12-25 12:12:04,1B40CB3F-6FA0-445E-B1C1-521CF60BB9AB
20241225,台新活儲戶,4000,TWD,國泰子帳戶,4000,TWD,,,2024-12-25 11:25:13,8FF7700E-A746-4AD7-B4D7-73478FA6D9EB
20241225,國泰子帳戶,4999,TWD,CUBE COMBO,4999,TWD,,自動繳款[11月08日〜12月07日],2024-12-25 10:58:55,B6093B14-46FB-45FE-A2CA-C70F636EDF52
20241223,Bankee,5360,TWD,BT21,5360,TWD,,自動繳款[11月07日〜12月06日],2024-12-25 11:10:53,EB5D136B-B0B2-456E-8E80-4FC4DE6C0FA3
20241221,Bankee,400,TWD,悠遊付錢包,400,TWD,,,2024-12-21 14:26:12,C5C2B100-3137-451A-B87B-FAB44CBD966A
20241215,Bankee,200,TWD,悠遊付錢包,200,TWD,,,2024-12-15 23:17:17,C16D0C1A-37BD-49DB-8284-BB8B8C1C6194
20241215,郵局,29980,TWD,台新活儲戶,29980,TWD,,,2024-12-15 17:34:13,92870966-D262-47BD-BFF4-4279A073D878
20241213,郵局,1000,TWD,國泰數位帳戶,1000,TWD,,,2024-12-13 12:36:35,D5D27493-9813-459E-80B6-1DEF071DD8E6
20241212,國泰子帳戶,284,TWD,群益台灣50,284,TWD,,,2024-12-22 20:58:39,DC127CEA-ADA4-463B-9A57-09952E70E4A2
20241210,Bankee,200,TWD,悠遊付錢包,200,TWD,,,2024-12-10 14:46:38,60DC15FA-E26F-437C-B230-305AC39178CD
20241209,國泰子帳戶,284,TWD,群益台灣50,284,TWD,,,2024-12-11 14:07:36,EC74108E-47BA-4BAB-A5FA-9E66FBEEFF70
20241208,Bankee,200,TWD,悠遊付錢包,200,TWD,,,2024-12-08 13:52:58,765548A6-DFC1-4450-B9F8-75C28E1BE0CE
20241128,國泰子帳戶,292,TWD,群益台灣50,292,TWD,,,2024-12-11 14:07:57,ED3BB726-31DE-4A1E-A61D-506CCB8D8252
20241126,Bankee,2000,TWD,錢包,2000,TWD,,,2024-11-26 16:59:43,EF468E38-7F04-4CE4-B19F-F58373907816
20241126,郵局,4000,TWD,國泰子帳戶,4000,TWD,,,2024-11-26 15:35:33,15F13B11-DB23-4740-B8B8-EDEB108E602B
20241125,國泰子帳戶,282,TWD,群益台灣50,282,TWD,,,2024-11-26 15:34:09,FF1DF8D3-624B-42B0-AB1F-F9F220632618
20241125,國泰子帳戶,2512,TWD,CUBE COMBO,2512,TWD,,自動繳款[10月08日〜11月07日],2024-11-25 09:15:21,6E88D735-27ED-461F-BCF9-4197B8354EF8
20241124,CUBE COMBO,500,TWD,點點卡,500,TWD,,,2024-12-11 14:14:02,7906A4DF-D534-4CE8-B707-9834BD5BB91C
20241121,Bankee,6645,TWD,BT21,6645,TWD,,自動繳款[10月07日〜11月06日],2024-11-22 16:24:17,033FF12D-90C3-442A-9815-6F573B995938
20241118,CUBE COMBO,500,TWD,點點卡,500,TWD,,,2024-11-22 16:27:23,66DB1001-8E1E-414C-AA1A-3BD2AED072AE
20241112,國泰子帳戶,282,TWD,群益台灣50,282,TWD,,,2024-11-12 16:24:27,903C0747-098F-4BB3-A8CE-0C03BF451845
20241112,Bankee,2000,TWD,錢包,2000,TWD,,,2024-11-12 13:21:05,4DB5D9E2-4AC3-4584-94AF-96802B3642CA
20241112,撲滿現金,200,TWD,錢包,200,TWD,,,2024-11-12 12:28:03,7DAD561D-47C2-4914-885D-C7479F0F74ED
20241108,國泰子帳戶,287,TWD,群益台灣50,287,TWD,,,2024-11-08 16:01:04,3A25890A-4197-40BC-B219-4F3156F35539
20241105,CUBE COMBO,300,TWD,點點卡,300,TWD,,,2024-11-05 17:36:57,71D822EE-6B7D-461D-B59F-807C47D8A886
20241030,郵局,11000,TWD,國泰子帳戶,11000,TWD,,,2024-10-30 02:14:40,8B17E090-4A95-4435-987A-FF42FD7DFDCD
20241030,台新活儲戶,10817,TWD,Bankee,10817,TWD,,,2024-10-30 02:11:09,580FC98D-CD45-4383-955D-7556A8EFF477
20241028,國泰子帳戶,286,TWD,群益台灣50,286,TWD,,,2024-10-28 17:24:39,5A89CD70-B00A-40C1-B2A0-B4DC3B39540C
20241028,國泰子帳戶,9672,TWD,CUBE COMBO,9672,TWD,,自動繳款[9月08日〜10月07日],2024-10-28 12:09:32,0E52E70F-9F0F-4E49-89E9-8F9AF071BF23
20241024,國泰子帳戶,285,TWD,群益台灣50,285,TWD,,,2024-10-30 02:00:59,D0583D55-628C-479F-8D02-121553F62FFC
20241023,CUBE COMBO,300,TWD,點點卡,300,TWD,,,2024-10-26 00:11:12,B1BED5F8-73A6-4B3F-B5BD-7D1EA84DEBEB
20241021,Bankee,5108,TWD,BT21,5108,TWD,,自動繳款[9月07日〜10月06日],2024-10-23 00:37:14,0045864B-45A1-43EE-B5A3-858A903EE0EB
20241014,國泰子帳戶,281,TWD,群益台灣50,281,TWD,,,2024-10-14 17:11:55,976E5921-ABBF-4873-8657-E3762DA50AFF
20241011,台新活儲戶,1500,TWD,國泰數位帳戶,1500,TWD,,,2024-10-11 14:09:37,1F469A5F-98A1-4726-9AC9-623FB22E0761
20241009,Bankee,1040,TWD,國泰數位帳戶,1040,TWD,,,2024-10-09 14:16:09,5A583B8F-73E0-4B58-991F-5300F8D95E8E
20241009,撲滿現金,1000,TWD,錢包,1000,TWD,,,2024-10-09 13:06:59,222B3DD0-079A-423F-B3D4-182ACD1A9D5C
20241009,郵局,30000,TWD,Bankee,30000,TWD,,,2024-10-09 13:04:16,CCE7A8ED-CAF2-4C68-9EDB-0D5958F7464E
20241008,國泰子帳戶,295,TWD,群益台灣50,295,TWD,,,2024-10-30 02:00:22,4D2C81AB-4E17-456C-A925-958D7FF06672
20241006,Bankee,200,TWD,悠遊付錢包,200,TWD,,,2024-10-06 13:10:00,651A5258-4A46-4875-968C-F94B8F8EDA1C
20241003,撲滿現金,1200,TWD,錢包,1200,TWD,,,2024-10-03 17:49:56,5756CFDA-1603-4FF8-8755-CD23B0ECAF1E
20240930,CUBE COMBO,500,TWD,點點卡,500,TWD,,,2024-10-03 22:35:28,EFBEA22F-79A0-43AF-96D3-B558690E0F0C
20240930,國泰子帳戶,296,TWD,群益台灣50,296,TWD,,,2024-09-30 18:26:22,ED228D9B-509F-426C-9E9B-E56B27F1B771
20240930,悠遊付錢包,1023,TWD,Bankee,1023,TWD,,,2024-09-30 12:08:46,93E69A02-FAF7-4381-BBB4-3E1B55DC3AE1
20240925,台新活儲戶,30726,TWD,Bankee,30726,TWD,,,2024-09-25 23:35:53,9EB8AA8B-0E11-4C6B-AF7D-2647EACB407D
20240925,郵局,7500,TWD,國泰子帳戶,7500,TWD,,,2024-09-25 23:32:53,87859E0B-9754-41A0-BDC6-25D0801CE01E
20240925,國泰子帳戶,6695,TWD,CUBE COMBO,6695,TWD,,自動繳款[8月08日〜9月07日],2024-09-25 08:34:42,F9AC1814-29B9-4F2B-8A06-795255B69C96
20240924,國泰子帳戶,292,TWD,群益台灣50,292,TWD,,,2024-09-25 23:30:39,992D4947-7E7A-4AEB-B973-51B555CCB015
20240924,Bankee,5119,TWD,BT21,5119,TWD,,自動繳款[8月07日〜9月06日],2024-09-24 07:33:01,8555494C-36AB-4861-BB1F-87598317A7BD
20240917,CUBE COMBO,500,TWD,點點卡,500,TWD,,,2024-09-17 10:24:53,69B9A2B5-5C78-4B04-A044-7614FDA3C315
20240917,郵局,20867,TWD,Bankee,20867,TWD,,,2024-09-17 04:25:50,0B52323B-8D00-4A6D-B6C5-9644ACE72950
20240917,國泰數位帳戶,2000,TWD,國泰子帳戶,2000,TWD,,,2024-09-17 04:12:33,1881B0E8-C10E-4F41-B689-A933CD4AD3A0
20240909,國泰子帳戶,298,TWD,群益台灣50,298,TWD,,,2024-09-09 16:53:37,EE9C7ADF-C245-4922-BE67-CB1BBCA48B32
20240906,撲滿現金,1000,TWD,錢包,1000,TWD,,,2024-09-06 12:24:01,70A65B21-F010-4DDB-BB23-427EAAE94453
20240905,CUBE COMBO,500,TWD,點點卡,500,TWD,,,2024-09-05 23:01:13,4FCDC252-16B5-406B-9A6A-2C286D53656E
20240902,撲滿現金,400,TWD,錢包,400,TWD,,,2024-09-02 17:50:01,B95652CA-C97C-44F7-8701-932899CFE0A6
20240828,國泰子帳戶,293,TWD,群益台灣50,293,TWD,,,2024-08-28 16:30:11,BA662471-023A-47C1-B68E-505C9DC927CF
20240828,郵局,20000,TWD,Bankee,20000,TWD,,,2024-08-28 15:05:42,DEEA75C9-75FD-402E-9B27-08BFE1C9A327
20240828,CUBE COMBO,500,TWD,點點卡,500,TWD,,,2024-08-28 01:49:31,E4082547-D22A-46C3-9790-FA75B59A814F
20240826,郵局,3000,TWD,國泰數位帳戶,3000,TWD,,,2024-08-26 16:36:04,6E8C5D63-285A-4F42-8FE8-4A4B165D1FAF
20240826,國泰子帳戶,295,TWD,群益台灣50,295,TWD,,,2024-08-26 16:33:20,C15BC3E2-C1BC-476B-975E-E9C47BBC71FD
20240826,國泰子帳戶,1587,TWD,CUBE COMBO,1587,TWD,,自動繳款[7月08日〜8月07日],2024-08-26 01:05:36,769CECF7-A941-42BB-BCB9-A480DBD08B7E
20240823,錢包,1500,TWD,撲滿現金,1500,TWD,,,2024-08-23 19:28:22,663E6A8F-87FB-40C2-AB5F-20490CC9BFF8
20240821,Bankee,7627,TWD,BT21,7627,TWD,,自動繳款[7月07日〜8月06日],2024-08-21 19:26:34,1ACB107A-E28C-4050-8B8D-4783CE361BCE
20240818,CUBE COMBO,500,TWD,點點卡,500,TWD,,,2024-08-18 09:39:25,0FE7B99C-ABB5-415C-9006-859525F1FFD1
20240816,Bankee,1000,TWD,錢包,1000,TWD,,,2024-08-16 13:19:34,0610DC9A-21D7-4953-B2EE-738F76077CB8
20240814,Bankee,1500,TWD,悠遊付錢包,1500,TWD,,,2024-08-14 20:55:21,2929C95D-9834-4FD2-ADF8-012FC2D224DE
20240812,郵局,1000,TWD,國泰子帳戶,1000,TWD,,,2024-08-12 21:02:17,38334EB9-B93A-4D16-8F05-E6E8A429FACC
20240812,台新活儲戶,4400,TWD,Bankee,4400,TWD,,,2024-08-12 21:00:27,233BDBDD-87AC-4544-AE6B-6A67035624A1
20240812,國泰子帳戶,279,TWD,群益台灣50,279,TWD,,,2024-08-12 16:19:21,0A789A55-A427-4FB4-A588-BF442301C1F6
20240810,Bankee,1500,TWD,錢包,1500,TWD,,,2024-08-10 19:12:44,DC94345C-E2EF-481C-B484-17A7E92AA260
20240809,國泰子帳戶,287,TWD,群益台灣50,287,TWD,,,2024-09-12 16:26:46,DBBC902C-2687-472C-AC66-5119558A1D10
20240808,Bankee,200,TWD,悠遊付錢包,200,TWD,,,2024-08-12 22:31:21,0AC862C8-4ECB-468E-9248-3F5E3181C897
20240808,國泰子帳戶,287,TWD,群益台灣50,287,TWD,,,2024-08-08 16:25:16,0155013C-24E9-482F-9987-4F42398B7597
20240808,CUBE COMBO,500,TWD,點點卡,500,TWD,,,2024-08-08 07:46:55,9590B9FE-41DC-44C2-94B5-D33B278887DB
20240807,Bankee,200,TWD,悠遊付錢包,200,TWD,,,2024-08-07 14:56:24,BA1C2E4E-038F-45DC-8859-39A245D3E37A
20240806,Bankee,1000,TWD,錢包,1000,TWD,,,2024-08-06 17:29:24,E3BBEFEE-23AF-4420-B3FA-7728FA4C9FC2
20240806,郵局,20000,TWD,Bankee,20000,TWD,,,2024-08-06 13:19:59,0EF6A1C2-C35B-44D3-90AE-C9CB9C3935F8
20240805,國泰子帳戶,295,TWD,群益台灣50,295,TWD,,,2024-08-05 23:43:01,84A72572-30EA-41FB-8114-BD8F13913B32
20240727,郵局,11000,TWD,國泰子帳戶,11000,TWD,,,2024-07-28 14:08:20,3385C72E-853E-4310-8C0A-B098BD485163
20240726,國泰子帳戶,570,TWD,群益台灣50,570,TWD,,,2024-07-27 02:55:23,762F22D2-9363-490A-A892-615387444613
20240726,CUBE COMBO,500,TWD,點點卡,500,TWD,,,2024-07-26 12:29:20,F737D2C9-9B71-4F76-B16A-2E13B9D09446
20240725,國泰子帳戶,3289,TWD,CUBE COMBO,3289,TWD,,自動繳款[6月08日〜7月07日],2024-07-28 14:14:03,6009551C-7A8C-4DE9-8F88-8A06742155F7
20240722,國泰子帳戶,289,TWD,群益台灣50,289,TWD,,,2024-07-27 02:56:22,82CBB5B0-CA9A-4F44-BAAA-CC313432950C
20240722,Bankee,6369,TWD,BT21,6369,TWD,,自動繳款[6月05日〜7月04日],2024-07-23 21:37:06,DD8DC313-CF3B-48B0-A72A-0990D4C7D0A3
20240719,Bankee,200,TWD,悠遊付錢包,200,TWD,,,2024-07-19 13:05:55,E3E7D136-6695-4928-9B0F-B11905A854E8
20240717,CUBE COMBO,500,TWD,點點卡,500,TWD,,,2024-07-17 22:35:37,5B3F0649-449A-4B99-B621-05939A809B08
20240717,Bankee,1300,TWD,錢包,1300,TWD,,,2024-07-17 14:33:05,FCA962C9-E6B1-4732-8EE5-E4A6FD121324
20240716,國泰子帳戶,96,TWD,群益台灣50,96,TWD,,,2024-07-18 21:24:57,3A52EA30-A61A-4B7E-B4E4-2DF8B8009E9F
20240716,Bankee,200,TWD,悠遊付錢包,200,TWD,,,2024-08-12 22:33:46,BD7AE1E7-E9EC-41D9-BE34-D15A6D44B8D9
20240715,郵局,1000,TWD,國泰數位帳戶,1000,TWD,,,2024-07-15 19:22:42,64DCB9B6-1B16-44B3-8742-9FD0B1425FE7
20240712,國泰子帳戶,96,TWD,群益台灣50,96,TWD,,,2024-07-12 16:19:48,D6DBA493-1537-4590-A694-4D82DC0FD387
20240711,郵局,2000,TWD,國泰子帳戶,2000,TWD,,,2024-07-18 17:48:31,AAE52E0D-A10C-4C15-81A1-649AD7B2C8E4
20240708,國泰子帳戶,96,TWD,群益台灣50,96,TWD,,,2024-07-08 17:21:02,C23005C7-49F4-4B2D-9806-1635073A4A7E
20240706,Bankee,200,TWD,悠遊付錢包,200,TWD,,,2024-07-06 21:46:08,1CF0CE12-D53B-4EED-BAD8-1CDED79BB8FF
20240705,Bankee,2000,TWD,錢包,2000,TWD,,,2024-07-05 15:50:05,04FC3BC1-A22D-442C-8762-3DFAA0EAC9BB
20240704,郵局,20000,TWD,Bankee,20000,TWD,,,2024-07-04 16:06:17,2A62C229-E9CC-4D64-8923-FE4DC7A3B9A8
20240704,國泰子帳戶,281,TWD,群益台灣50,281,TWD,,,2024-07-04 16:04:24,C5A85657-1570-4A97-94C7-776F36D505AF
20240703,Bankee,1000,TWD,錢包,1000,TWD,,,2024-07-03 17:26:31,7D3303FC-DFFA-4BF6-950D-4F06FCA41D4F
20240627,Bankee,1000,TWD,錢包,1000,TWD,,,2024-06-27 17:45:32,BB17A833-FE16-44C0-BAED-F6020ED11F3D
20240626,撲滿現金,500,TWD,錢包,500,TWD,,,2024-06-26 22:37:56,A248B68A-9FBF-4C8F-8A13-4F0B58D481B4
20240626,國泰子帳戶,297,TWD,群益台灣50,297,TWD,,,2024-06-26 16:59:24,017DFCE1-9C22-494D-881F-9487D97E3A30
20240625,Bankee,3000,TWD,國泰子帳戶,3000,TWD,,,2024-06-25 15:00:24,332C4032-A2FA-4CFE-BFB3-8ACC77D28232
20240625,國泰子帳戶,2456,TWD,CUBE COMBO,2456,TWD,,自動繳款[5月08日〜6月07日],2024-06-25 09:40:59,7226740A-C74E-46BE-999F-A2572B88EB2C
20240624,國泰子帳戶,92,TWD,群益台灣50,92,TWD,,,2024-06-24 17:06:33,8A34BF3B-AB0B-49E6-A8F2-8089377E356B
20240624,Bankee,200,TWD,悠遊付錢包,200,TWD,,,2024-06-24 17:01:17,C507EDDA-B45E-44BA-80F3-7295909B5FA4
20240624,Bankee,1558,TWD,BT21,1558,TWD,,自動繳款[5月05日〜6月04日],2024-06-24 17:02:53,0A09D1CE-7DC1-4FE9-BA41-47E5A85AB09B
20240622,CUBE COMBO,300,TWD,點點卡,300,TWD,,,2024-06-22 20:08:37,BA5A2B85-8AD5-48DD-8DBF-3E0E577F2BF6
20240620,國泰子帳戶,93,TWD,群益台灣50,93,TWD,,,2024-06-21 09:36:25,B39E3EFE-94B2-42D4-BBA4-D0A24C7C470F
20240617,國泰子帳戶,290,TWD,群益台灣50,290,TWD,,,2024-06-17 18:30:35,F8241B3D-BDB6-4BC1-B141-585024B70DAB
20240612,國泰子帳戶,282,TWD,群益台灣50,282,TWD,,,2024-06-12 18:29:45,AA040D07-A7A5-431F-98C7-CC741EACF1BF
20240611,國泰子帳戶,279,TWD,群益台灣50,279,TWD,,,2024-06-11 20:02:52,87D765EE-8E93-4F0F-9B70-6A6F8B5A40CD
20240611,CUBE COMBO,300,TWD,點點卡,300,TWD,,,2024-06-11 20:02:24,5B355A7D-849B-4A27-9A87-16FA35BB9487
20240609,錢包,6000,TWD,郵局,6000,TWD,,,2024-06-09 15:41:22,C761A932-B1AA-49AF-89A6-3A5F1BBDFD71
20240604,國泰子帳戶,294,TWD,群益台灣50,294,TWD,,,2024-06-04 16:27:38,22ED4458-CCC1-4441-8657-756158BF9928
20240603,Bankee,200,TWD,悠遊付錢包,200,TWD,,,2024-06-03 20:34:00,E94CCFDC-737F-4BC4-85E3-823FF22502AC
20240602,撲滿現金,600,TWD,錢包,600,TWD,,,2024-06-02 16:41:59,F11AAE1B-A377-43BE-BD73-C9A649156B79
20240601,CUBE COMBO,300,TWD,點點卡,300,TWD,,,2024-06-01 12:37:10,3AE1895B-035E-4380-A5F5-0135AC9512D9
20240530,錢包,800,TWD,撲滿現金,800,TWD,,,2024-05-31 09:56:39,F5E55E5F-AC80-4BBC-930D-5D9A6116850A
20240527,國泰子帳戶,280,TWD,群益台灣50,280,TWD,,,2024-05-27 17:15:43,8C04A40D-D5D4-4175-BF1F-B3F8DAE375C5
20240525,Bankee,3000,TWD,國泰子帳戶,3000,TWD,,,2024-05-25 16:27:07,9F926F79-CA9F-494E-BC4E-F4835805286E
20240525,國泰子帳戶,2645,TWD,CUBE COMBO,2645,TWD,,自動繳款[4月08日〜5月07日],2024-05-25 16:23:18,BAD42C29-5C81-4943-A938-3B9020F18281
20240524,國泰數位帳戶,600,TWD,國泰子帳戶,600,TWD,,,2024-05-24 16:14:46,90CB6BB0-BF9E-4BEA-984E-2D6246E6426B
20240524,國泰子帳戶,295,TWD,群益台灣50,295,TWD,,,2024-05-24 16:12:17,BA679F6D-F0E3-40B1-93D1-B66CCC51897E
20240522,CUBE COMBO,300,TWD,點點卡,300,TWD,,,2024-05-22 16:45:53,C224C8EB-60BC-42B6-9901-739BD45A0532
20240522,Bankee,16092,TWD,BT21,16092,TWD,,自動繳款[4月05日〜5月04日],2024-05-24 16:17:58,0099A96C-957C-4ED0-8533-74723C985527
20240520,國泰子帳戶,289,TWD,群益台灣50,289,TWD,,,2024-05-20 20:36:21,7CA25051-CC99-4D73-91E4-FF875D7859E9
20240516,國泰數位帳戶,800,TWD,國泰子帳戶,800,TWD,,,2024-05-18 19:22:26,86947985-287F-4206-8737-28066EDEC6CC
20240516,郵局,2000,TWD,國泰數位帳戶,2000,TWD,,,2024-05-18 19:21:47,970609B3-172F-40B1-8778-4F8F5D08CAA3
20240516,國泰子帳戶,290,TWD,群益台灣50,290,TWD,,,2024-05-16 16:26:07,B38E3837-6796-4113-8120-3BFFEB8D8D50
20240514,Bankee,200,TWD,悠遊付錢包,200,TWD,,,2024-05-14 15:10:12,02D7866A-C160-4D4B-BE22-ADEAD8128771
20240513,郵局,25000,TWD,Bankee,25000,TWD,,,2024-05-13 20:37:40,3ED63AA0-B82C-48BF-9BFD-495B45D2EA5C
20240513,國泰子帳戶,282,TWD,群益台灣50,282,TWD,,,2024-05-13 17:03:37,D9A188D6-3D8D-400B-B74A-FCA365C7EE2C
20240513,Bankee,200,TWD,悠遊付錢包,200,TWD,,,2024-05-13 12:37:45,FF3F1B39-2402-40B9-8464-C95BEC718874
20240508,國泰子帳戶,299,TWD,群益台灣50,299,TWD,,,2024-05-15 11:45:21,E56BE920-2F9D-402C-8C38-F9464EE91652
20240506,國泰子帳戶,298,TWD,群益台灣50,298,TWD,,,2024-05-15 11:44:58,F425EC48-69CA-4608-8B72-E99F148C1CAD
20240506,Bankee,200,TWD,悠遊付錢包,200,TWD,,,2024-05-06 20:36:58,455C27A6-4F55-4816-9505-6EE5F190AE00
20240503,Bankee,3000,TWD,國泰子帳戶,3000,TWD,,,2024-05-03 11:34:58,11C5F002-A2D4-4ED2-8F8D-0345906A29F2
20240503,CUBE COMBO,300,TWD,點點卡,300,TWD,,,2024-05-03 09:26:36,FCB4B5CB-28FE-457E-A090-8AF4F04D3A24
20240501,Bankee,200,TWD,悠遊付錢包,200,TWD,,,2024-05-01 13:43:48,BEE35D09-0D90-44EC-9C8C-EE047EF51CF7
20240426,撲滿現金,500,TWD,錢包,500,TWD,,,2024-04-26 17:00:47,8ACF976D-8793-4C7C-9959-6BBE46A4209D
20240426,國泰子帳戶,291,TWD,群益台灣50,291,TWD,,,2024-04-26 16:49:15,76E70C16-D91C-4313-AFA3-96CD35E331FE
20240426,國泰數位帳戶,1000,TWD,國泰子帳戶,1000,TWD,,,2024-04-26 16:24:57,866434B9-286D-458F-A07D-53BEA8940A3A
20240424,國泰子帳戶,289,TWD,群益台灣50,289,TWD,,,2024-04-26 16:25:26,2A36E5CC-87AC-4D13-801F-0C4071EA01F9
20240424,郵局,2000,TWD,國泰數位帳戶,2000,TWD,,,2024-04-26 16:23:08,75B60DF6-B550-4A34-B038-CCD08A24EB3D
20240424,國泰子帳戶,2570,TWD,CUBE COMBO,2570,TWD,,自動繳款[3月08日〜4月07日],2024-04-25 09:07:32,C3F35B3B-31E7-4F4E-816F-A8D8C7327257
20240423,Bankee,200,TWD,悠遊付錢包,200,TWD,,,2024-04-26 16:05:26,1B032567-BBBB-4C41-91F1-78107F5E3CEB
20240422,國泰子帳戶,282,TWD,群益台灣50,282,TWD,,,2024-04-22 16:50:04,E95E50C1-674E-46D0-B18C-A77B0CE0A6C5
20240422,Bankee,200,TWD,悠遊付錢包,200,TWD,,,2024-04-22 14:39:17,C2461C9B-8BD5-4CC4-A058-B2B91E818F06
20240422,Bankee,3521,TWD,BT21,3521,TWD,,自動繳款[3月05日〜4月04日],2024-04-26 16:01:47,408407EE-B91D-4E24-B51F-A28BAAA13A81
20240420,撲滿現金,200,TWD,錢包,200,TWD,,,2024-04-20 18:43:44,892890F0-5E29-4495-B06E-D0EABB759203
20240420,Bankee,200,TWD,悠遊付錢包,200,TWD,,,2024-04-20 13:35:10,E7DF1A0E-6E67-4E09-B01C-D2366FB284D5
20240419,CUBE COMBO,300,TWD,點點卡,300,TWD,,,2024-04-26 17:21:02,8384E6DD-BEF8-4931-9AA5-D75E652EB213
20240416,國泰子帳戶,292,TWD,群益台灣50,292,TWD,,,2024-04-16 21:03:46,E334A32F-49EB-4A21-BA80-8F36377E1B72
20240415,Bankee,200,TWD,悠遊付錢包,200,TWD,,,2024-04-15 22:28:42,65821984-D547-4FDE-8F83-D0AB2445A499
20240414,CUBE COMBO,300,TWD,點點卡,300,TWD,,,2024-04-14 14:57:42,4B30963D-B1AC-4EAD-8E72-FB337ED8A644
20240413,郵局,20000,TWD,Bankee,20000,TWD,,,2024-04-13 21:09:19,2ACFF832-DFE6-4B10-BC52-C4E634924BBE
20240413,Bankee,200,TWD,悠遊付錢包,200,TWD,,,2024-04-13 21:06:36,CAB7B6B5-C652-4A2E-950F-74DE032509CC
20240412,Bankee,200,TWD,悠遊付錢包,200,TWD,,,2024-04-12 22:07:41,D796B0BE-4290-4A39-8874-1C9EC3803E21
20240412,國泰子帳戶,283,TWD,群益台灣50,283,TWD,,,2024-04-12 17:07:01,E58986EE-5A3B-4053-97A4-5DE0D3413101
20240411,郵局,1000,TWD,國泰子帳戶,1000,TWD,,,2024-04-11 16:41:10,30244062-6D99-4062-A29F-9730107DD732
20240410,Bankee,200,TWD,悠遊付錢包,200,TWD,,,2024-04-10 11:48:20,39F1BAB0-CE8E-4C0E-8218-FE426ECAF441
20240408,國泰子帳戶,560,TWD,群益台灣50,560,TWD,,,2024-04-08 19:25:40,1D58079F-A7AB-4580-8E97-E67210CCEF5B
20240408,Bankee,1000,TWD,錢包,1000,TWD,,,2024-04-08 18:31:46,12BD7CFD-95DB-43A5-ADBB-A11C8F0B43AC
20240408,台新活儲戶,200,TWD,悠遊付錢包,200,TWD,,,2024-04-08 14:18:04,7BD2BA6A-C70F-4F3B-B5B4-F1963D69157D
20240407,台新活儲戶,200,TWD,悠遊付錢包,200,TWD,,,2024-04-07 23:00:27,E6AB2105-926A-42CF-99AD-BB1A19453B0B
20240405,CUBE COMBO,300,TWD,點點卡,300,TWD,,,2024-04-05 19:59:43,3755958F-3070-4457-AFC2-70C6FC082EB9
20240405,台新活儲戶,200,TWD,悠遊付錢包,200,TWD,,,2024-04-05 12:16:26,D4AA377E-359E-4DBB-BE8A-FBB6B33A265C
20240328,iPASS MONEY,20,TWD,錢包,20,TWD,,,2024-03-28 12:49:17,D6FED581-9816-418C-87CC-2CD0460B1A9B
20240326,國泰子帳戶,99,TWD,群益台灣50,99,TWD,,,2024-03-26 18:53:41,42F6D9F7-7FA8-4845-B5C1-806ACCE6AD23
20240325,國泰子帳戶,80,TWD,群益台灣50,80,TWD,,,2024-03-25 16:58:28,AC2298C9-3745-4691-98B1-1F09F4E002BC
20240323,郵局,500,TWD,國泰數位帳戶,500,TWD,,,2024-03-23 16:28:30,2847C0BE-5871-46D1-9412-D254BEF1D988
20240322,Bankee,2000,TWD,錢包,2000,TWD,,,2024-03-22 12:19:16,BBC5DE21-1B6A-47A3-8D79-513B3228E5A7
20240321,Bankee,5770,TWD,BT21,5770,TWD,,,2024-03-22 10:16:12,2EA0C8A0-BD96-4A54-B160-466C96EB6849
20240320,國泰子帳戶,98,TWD,群益台灣50,98,TWD,,,2024-03-20 16:49:50,25EAC017-C3D0-4EE2-8567-EF0BE2432E1E
20240320,台新活儲戶,200,TWD,悠遊付錢包,200,TWD,,,2024-03-20 11:33:28,76B1B387-DC3F-45B9-B4D4-17EB7F8D4088
20240319,台新活儲戶,200,TWD,悠遊付錢包,200,TWD,,,2024-03-19 12:37:54,67BA2042-3FB8-4EF0-A21C-70DA3F175615
20240318,國泰子帳戶,292,TWD,群益台灣50,292,TWD,,,2024-03-18 20:08:49,09E60152-D294-4BFC-BC25-1F7D0FE86A61
20240318,台新活儲戶,100,TWD,悠遊付錢包,100,TWD,,,2024-03-18 15:15:19,C19FB386-60B8-48C7-A12D-40D19530C021
20240318,錢包,10000,TWD,郵局,10000,TWD,,金禧押金,2026-06-17 19:58:52,6D709494-8B62-4EA5-8828-B0BC67205493
20240318,撲滿現金,500,TWD,錢包,500,TWD,,,2024-03-18 11:51:32,503BB544-2D8B-4311-8390-918E511632FA
20240318,Bankee,9000,TWD,錢包,9000,TWD,,,2024-03-18 11:50:30,DEB71DCB-D9D2-4338-B3CA-CC31BAE6A267
20240316,郵局,2000,TWD,國泰子帳戶,2000,TWD,,,2024-03-16 16:00:29,9FEB46B4-01A7-4AF4-9A22-CC74C768B9F9
20240316,國泰數位帳戶,4637,TWD,國泰子帳戶,4637,TWD,,,2024-03-16 15:58:49,D63E4B35-0358-4307-A01F-D92E897904BB
20240316,Bankee,1000,TWD,錢包,1000,TWD,,,2024-03-16 12:00:30,F90157E1-9275-4E6D-AD68-901F09053B19
20240315,撲滿現金,300,TWD,錢包,300,TWD,,,2024-03-15 10:06:31,45C0CD23-0A22-475F-AE96-316035B7E74C
20240314,郵局,20000,TWD,Bankee,20000,TWD,,,2024-03-14 09:43:13,016EDFBA-021D-462E-9003-A269F3351560
20240313,撲滿現金,500,TWD,錢包,500,TWD,,,2024-03-13 15:03:10,5A6567E8-C08A-459A-B4EE-F196A992B92C
20240312,撲滿現金,1000,TWD,錢包,1000,TWD,,,2024-03-12 19:49:22,FA74835C-BD8F-4B34-9018-5FCC2FE8D209
20240312,國泰子帳戶,98,TWD,群益台灣50,98,TWD,,,2024-03-12 16:56:01,4EA72CAE-D34B-4AAF-BFD9-10DCE612CFB7
20240309,CUBE COMBO,500,TWD,點點卡,500,TWD,,,2024-03-09 00:15:04,1A9982BE-7885-416E-92C3-A6EE87288896
20240308,國泰子帳戶,99,TWD,群益台灣50,99,TWD,,,2024-03-08 16:27:54,5B3D8F55-5680-4FA5-B3BE-41976CAA723D
20240306,國泰子帳戶,6257,TWD,CUBE COMBO,6257,TWD,,三月份帳單（截至3/6單人房）,2024-03-16 16:46:16,1A233939-956C-4A60-9CCF-930F8745C12F
20240306,Bankee,800,TWD,錢包,800,TWD,,,2024-03-09 10:07:57,48074C03-4B5F-4EBF-A5D3-1187E041611C
20240304,國泰子帳戶,299,TWD,群益台灣50,299,TWD,,,2024-03-04 16:40:29,571C1373-46CE-431B-916E-4066384568B4
20240301,國泰數位帳戶,1157,TWD,國泰子帳戶,1157,TWD,,,2024-03-01 13:54:56,B21E6EFA-9CDB-4668-B873-ED76834FD676
20240228,台新活儲戶,2000,TWD,錢包,2000,TWD,,,2024-02-28 14:12:56,19B91CCF-9002-4067-9A01-12605C0C774F
20240228,Bankee,15000,TWD,郵局,15000,TWD,,,2024-02-28 14:06:26,87A257B6-3DF2-44B2-A893-DD3E4D024A69
20240226,國泰子帳戶,592,TWD,群益台灣50,592,TWD,,,2024-02-26 21:02:30,38619B1F-DAE6-40EF-A38F-3432D697CD70
20240224,撲滿現金,1500,TWD,錢包,1500,TWD,,,2024-02-24 06:11:27,8201AE1F-4491-4BD6-97A5-28289DAE134C
20240221,郵局,10000,TWD,Bankee,10000,TWD,,,2024-02-23 20:34:18,8163B481-4A24-4D6F-BA8F-177CC4D3BA67
20240220,國泰子帳戶,292,TWD,群益台灣50,292,TWD,,,2024-02-20 16:42:13,3F952B86-D369-47F4-A83B-30EECE95B19A
20240217,國泰數位帳戶,10000,TWD,Bankee,10000,TWD,,,2024-02-17 17:09:58,97F29234-333D-4AC1-BBE8-6FAE03BC4263
20240217,國泰數位帳戶,1000,TWD,國泰子帳戶,1000,TWD,,,2024-02-17 16:56:17,61AE0374-8039-47E0-B731-2F869B6117B5
20240217,錢包,5000,TWD,國泰數位帳戶,5000,TWD,,,2024-02-17 16:28:59,91B3346F-E813-40B6-B6B2-712CB369EED0
20240216,郵局,1000,TWD,Bankee,1000,TWD,,,2024-02-16 17:34:25,CDC535E1-230A-4CB0-9DD2-B963B5604E94
20240216,國泰子帳戶,289,TWD,群益台灣50,289,TWD,,,2024-02-16 17:32:21,BAA7F8C2-C64C-4CE4-8DBE-7F06B976F427
20240215,國泰子帳戶,578,TWD,群益台灣50,578,TWD,,,2024-02-15 20:41:42,9587B9A1-0E7B-4145-8759-B1CCD3825485
20240215,台新活儲戶,200,TWD,悠遊付錢包,200,TWD,,,2024-02-15 01:58:19,C370C9DC-02AE-4A8B-A62D-A21131266075
20240210,CUBE COMBO,500,TWD,點點卡,500,TWD,,,2024-02-10 15:36:18,D688226A-EC37-4764-8A43-CEB7238EBE5B
20240207,Bankee,15000,TWD,郵局,15000,TWD,,,2024-02-07 22:26:27,984AFA5D-AD02-4BFF-8BAC-87B4AF02624A
20240207,Bankee,2000,TWD,錢包,2000,TWD,,,2024-02-07 21:23:46,E7442B6C-FCD1-4885-ADCD-D7B313495014
20240206,Bankee,2931,TWD,BT21,2931,TWD,,,2024-03-16 16:24:25,C9C07AE2-DFDF-4E87-8839-50A51684E08D
20240205,郵局,3766,TWD,Bankee,3766,TWD,,,2024-02-05 19:13:03,9F761908-4758-4E59-82D2-99CE97999278
20240205,國泰子帳戶,296,TWD,群益台灣50,296,TWD,,,2024-02-05 19:10:08,D74EF352-7866-497B-82EC-B77D8C4A6C3F
20240131,國泰數位帳戶,1939,TWD,CUBE COMBO,1939,TWD,,二月份帳單（截至1/31全聯）,2024-03-16 16:46:47,995D8D74-0F5C-4782-A887-8BDC668A1B1D
20240131,錢包,2000,TWD,郵局,2000,TWD,,,2024-01-31 17:56:23,37D75143-414C-4EF5-97BA-851DAABC029B
20240131,撲滿現金,1000,TWD,郵局,1000,TWD,,,2024-01-31 17:56:15,90FB3AC0-B2E0-4F50-BECC-92688CA794B5
20240129,郵局,5078,TWD,Bankee,5078,TWD,,,2024-01-29 14:53:20,28BF6E16-64D7-4650-BB31-7577E4E1B6D2
20240128,國泰數位帳戶,700,TWD,國泰子帳戶,700,TWD,,,2024-01-28 13:57:34,E2B46C6E-8C7C-4F3C-A27F-068A4052572E
20240118,CUBE COMBO,300,TWD,點點卡,300,TWD,,,2024-01-18 18:17:59,3C3373B4-2A30-461C-BDD6-A8D108D74A52
20240115,郵局,2000,TWD,國泰子帳戶,2000,TWD,,,2024-01-15 15:24:43,8B2F8F89-7396-410C-94DD-11C1CE8FD380
20240115,國泰子帳戶,12293,TWD,CUBE COMBO,12293,TWD,,,2024-01-15 15:24:08,809DEEA1-A701-402C-87F8-774258CCC67B
20240115,Bankee,12000,TWD,國泰子帳戶,12000,TWD,,,2024-01-15 15:24:17,C078F5C8-DC6E-4C68-8A6B-9D4B057E30CA
20240113,國泰數位帳戶,10000,TWD,Bankee,10000,TWD,,,2024-01-15 15:02:39,41B20ED8-99BE-4A74-AAEC-E522192AA9F0
20240110,Bankee,1500,TWD,錢包,1500,TWD,,,2024-01-10 18:55:10,BD090404-059D-4D2B-9D67-6A3817847731
20240108,郵局,20000,TWD,國泰子帳戶,20000,TWD,,,2024-01-09 17:00:34,861A76A2-4DA4-4A79-9F10-8CACEB7F5983
20240107,Bankee,20000,TWD,國泰子帳戶,20000,TWD,,,2024-01-15 15:02:10,F4285261-5010-4710-808B-7F432065BB27
20240102,錢包,300,TWD,撲滿現金,300,TWD,,,2024-01-02 02:00:54,735A4EEB-80F7-4670-9DA2-DC135C9BD209
20231231,國泰子帳戶,40000,TWD,國泰數位帳戶,40000,TWD,,,2024-01-01 20:17:04,003B1BF9-7E16-4DF8-9489-1A9276A7B8A9
20231230,撲滿現金,2000,TWD,錢包,2000,TWD,,,2023-12-31 00:01:52,EDC47DC4-FCC8-4715-888A-7C304329008A
20231228,錢包,3100,TWD,撲滿現金,3100,TWD,,,2023-12-28 21:52:39,F4A1E406-6B7D-4D16-942F-5F35DF3DC9FC
20231228,撲滿現金,430,TWD,錢包,430,TWD,,,2023-12-28 17:47:22,140498E7-3577-432F-85A5-C9221EB0DFB6
20231217,錢包,1400,TWD,撲滿現金,1400,TWD,,,2023-12-17 20:38:42,87F4759F-9012-46E2-AB9A-66CC9D865C76
20231216,郵局,800,TWD,國泰數位帳戶,800,TWD,,,2023-12-16 18:30:46,AD49C1FD-FAF0-4D11-B60F-D767C642CE67
20231215,Bankee,2000,TWD,錢包,2000,TWD,,,2023-12-15 19:35:17,F23C3798-9C18-4417-8561-147D75577D22
20231215,撲滿現金,200,TWD,錢包,200,TWD,,,2023-12-15 16:15:35,D2B8CEA0-3DBB-44B6-8BDD-F674696BC7DD
20231210,CUBE COMBO,300,TWD,點點卡,300,TWD,,11月卡費,2024-01-15 15:14:53,14BD4F77-02B6-4680-A382-7A70E7804FBC
20231210,國泰子帳戶,6008,TWD,CUBE COMBO,6008,TWD,,11月卡費,2024-01-15 15:13:28,14C8EAB3-F4BD-406C-89FE-66829197E3C5
20231210,Bankee,6500,TWD,國泰子帳戶,6500,TWD,,,2023-12-10 01:35:53,2CC81743-3DC9-4E21-9A08-DBAEE20239CB
20231204,郵局,16640,TWD,Bankee,16640,TWD,,,2023-12-04 11:19:17,222DF854-DC4C-43B2-BE0F-3FA1F0755C6E
20231203,CUBE COMBO,300,TWD,點點卡,300,TWD,,,2023-12-10 12:12:40,4761DD62-8999-46F0-8425-727878072F07
20231203,Bankee,2000,TWD,錢包,2000,TWD,,,2023-12-03 19:59:33,1C45F13A-62F9-4B91-8B0D-63EC5B8845F8
20231203,撲滿現金,100,TWD,錢包,100,TWD,,,2023-12-03 13:29:35,FC55010F-8384-4372-BB6E-FE0DC3F36B62
20231130,撲滿現金,1000,TWD,錢包,1000,TWD,,,2023-11-30 18:22:49,703D1DCA-45E9-467B-BC63-FCA3D5A57C73
20231128,CUBE COMBO,500,TWD,點點卡,500,TWD,,,2023-11-28 12:21:28,09CF4848-C11D-46DC-A4F4-C7A46404D0DF
20231125,撲滿現金,400,TWD,錢包,400,TWD,,,2023-11-25 17:00:06,A61E1B31-815B-4632-AAC2-9917370AA36D
20231122,錢包,1600,TWD,撲滿現金,1600,TWD,,,2023-11-22 17:52:32,2B3D2F6F-42DB-4D3A-8221-0805E95B9512
20231122,國泰數位帳戶,2000,TWD,錢包,2000,TWD,,,2023-11-22 17:26:44,84770A7D-E22A-4FB6-A36A-1720BA211563
20231122,郵局,3000,TWD,國泰數位帳戶,3000,TWD,,,2023-11-22 17:26:26,CEE794E5-195C-45F5-9CCF-9EFB107847C4
20231118,郵局,1000,TWD,國泰數位帳戶,1000,TWD,,,2023-11-18 18:46:48,8D92C467-532E-481F-B295-801548B9AB02
20231117,國泰子帳戶,8470,TWD,CUBE COMBO,8470,TWD,,,2023-11-17 17:42:16,7BE756D5-6658-40A5-8212-286FDAE12495
20231117,Bankee,2000,TWD,錢包,2000,TWD,,,2023-11-17 12:31:12,438BBADC-A722-4C28-BFFC-DE08550BCF84
20231116,撲滿現金,24,TWD,錢包,24,TWD,,,2023-11-16 21:42:01,652CDB8C-EA3B-4264-8ED5-AA9AD16FCAFA
20231115,郵局,10000,TWD,國泰子帳戶,10000,TWD,,,2023-11-17 17:48:11,A439E1BE-1C1C-4CEF-80B6-634D130D58F8
20231112,CUBE COMBO,300,TWD,點點卡,300,TWD,,,2023-11-12 00:16:56,16F7BD52-9852-4276-B0E9-7406A30C9D89
20231110,郵局,7537,TWD,Bankee,7537,TWD,,,2023-11-10 23:25:41,A8806992-4803-48C0-9E09-65ACF06F498C
20231110,撲滿現金,42,TWD,錢包,42,TWD,,,2023-11-10 23:11:30,974A469C-F45E-4F34-BF7D-55DFECE6CD40
20231109,Bankee,1500,TWD,錢包,1500,TWD,,,2023-11-09 22:51:58,3B63A083-3E73-49E0-935F-2CCDF27DE26C
20231108,討債時間！,286,TWD,錢包,286,TWD,,鑰匙圈+紅單-電影票-八方雲集,2023-11-08 12:26:41,2EAA7E4B-7632-425E-ADCC-0A2DF20AF1F5
20231106,CUBE COMBO,200,TWD,點點卡,200,TWD,,,2023-11-06 15:52:26,20E39F3D-22D7-4DEF-A271-6F31F83A8A1C
20231030,討債時間！,150,TWD,錢包,150,TWD,,13的金,2023-10-31 00:05:49,A3EE127F-C536-4409-9AA6-41C0C533FAF5
20231029,郵局,300,TWD,國泰數位帳戶,300,TWD,,,2023-10-29 22:45:16,A574DECA-782B-4C0D-87C3-DE3FB8F41DD2
20231028,CUBE COMBO,300,TWD,點點卡,300,TWD,,,2023-11-06 21:19:18,6187EBFE-8173-4CE9-A16D-796348399DD6
20231028,郵局,2000,TWD,國泰子帳戶,2000,TWD,,,2023-10-28 12:18:06,4F89007A-8BBC-48CF-A731-27CC4682B5BE
20231026,郵局,300,TWD,國泰數位帳戶,300,TWD,,,2023-10-26 12:43:17,CAFB6F09-A3A2-4219-9F5C-6E60B262194F
20231023,郵局,20000,TWD,Bankee,20000,TWD,,,2023-10-23 16:00:30,CC62A2E1-5247-4618-AAB9-35B21A2C1041
20231021,Bankee,2500,TWD,錢包,2500,TWD,,,2023-10-21 21:38:49,F84D311E-5CA9-4B2B-8DFA-91CF2DAE52F8
20231019,討債時間！,200,TWD,錢包,200,TWD,,允州這鍋我背,2023-10-19 18:17:57,DBB96FD4-AAEA-4D14-8A18-22D9BA630FE8
20231018,郵局,500,TWD,國泰數位帳戶,500,TWD,,,2023-10-19 21:05:39,EFAE64D5-97CA-4EBA-8C6F-92BADEB6422E
20231018,討債時間！,500,TWD,錢包,500,TWD,,AI書錢,2023-10-18 22:02:50,3E9260CA-4C17-48C7-B5AA-3E3382C8D374
20231014,Bankee,2000,TWD,錢包,2000,TWD,,,2023-10-19 21:10:48,3E8203E6-A67A-4550-8BE8-4F2973BA533B
20231012,Bankee,2000,TWD,錢包,2000,TWD,,,2023-10-12 19:40:00,4B0D58E5-134D-4563-8260-38CE48E66FF2
20231009,錢包,8000,TWD,郵局,8000,TWD,,,2023-10-11 11:15:33,A1BA235E-AEDB-478A-A8B3-5B22E88893B5
20231009,郵局,500,TWD,國泰數位帳戶,500,TWD,,,2023-10-09 11:53:04,96BEA513-813A-491F-B5CB-A33D8318AB00
20231008,郵局,8000,TWD,國泰子帳戶,8000,TWD,,,2023-10-08 17:12:11,31B225F8-B1C9-40B0-9BA5-3AB62F52A499
20231008,國泰子帳戶,7068,TWD,CUBE COMBO,7068,TWD,,9月卡費,2023-10-08 17:03:00,7752A611-4DD6-4F19-8716-15112634A62D
20230927,Bankee,2000,TWD,錢包,2000,TWD,,,2023-09-27 00:43:46,318CFE9B-2DC4-429A-BD51-EAE5875BB152
20230924,Bankee,1000,TWD,錢包,1000,TWD,,,2023-09-24 19:18:36,B7D06133-E8D8-45E6-AA65-F4CF9747AC65
20230917,Bankee,2000,TWD,錢包,2000,TWD,,,2023-09-18 12:40:49,EB1C367F-855F-4910-9842-F225B736AF76
20230916,郵局,300,TWD,國泰數位帳戶,300,TWD,,,2023-09-16 12:16:03,46E2F76D-C7FA-4E71-A01E-5D54D9C86BA5
20230913,CUBE COMBO,300,TWD,點點卡,300,TWD,,,2023-10-08 17:26:02,E74B4B76-27DB-4C79-A622-991E721C3EA6
20230909,郵局,500,TWD,國泰數位帳戶,500,TWD,,,2023-09-10 18:28:35,BB5F01CF-FCE2-4EF5-9087-C53046B6BEF0
20230909,郵局,8000,TWD,國泰子帳戶,8000,TWD,,,2023-09-09 11:51:49,A4071321-476F-43A5-B848-F1E157E6A5DA
20230909,國泰子帳戶,7492,TWD,CUBE COMBO,7492,TWD,,8月卡費,2023-09-09 11:48:58,2D5BD0CB-594D-4C55-B1B2-FDE84D057031
20230905,國泰數位帳戶,1800,TWD,國泰子帳戶,1800,TWD,,,2023-09-05 17:12:35,F33FB05B-1C01-4E04-88FD-1E30AC1AD8BF
20230901,郵局,5367,TWD,Bankee,5367,TWD,,,2023-09-01 13:00:47,F97ADA44-7D15-4BA0-9C13-C767B071BD5C
20230901,郵局,2000,TWD,國泰數位帳戶,2000,TWD,,,2023-09-01 12:50:49,F664925B-9A99-44B9-822E-125C4AD4AF0A
20230901,國泰數位帳戶,316,TWD,國泰子帳戶,316,TWD,,,2023-09-01 12:48:49,45516008-D396-461B-AADA-8ED8994B57E1
20230823,錢包,8000,TWD,郵局,8000,TWD,,,2023-08-23 11:44:53,9BE500B3-3BA2-4494-A543-331DEC097B88
20230822,Bankee,500,TWD,國泰數位帳戶,500,TWD,,,2023-08-22 12:10:23,B93E407C-886B-48D5-90FF-6B1441CCC37B
20230815,國泰數位帳戶,50679,TWD,國泰子帳戶,50679,TWD,,,2023-08-15 17:02:46,C4503555-1136-4DA5-B6B2-9BABDF0F6D09
20230815,郵局,1000,TWD,國泰數位帳戶,1000,TWD,,,2023-08-15 17:01:29,24AFCFB0-4CD2-4E7B-A889-3C0B98E77B0C
20230812,郵局,3000,TWD,國泰數位帳戶,3000,TWD,,,2023-08-12 03:08:26,12DB2689-C781-4FB7-A256-86AA4BDE619C
20230812,國泰數位帳戶,2822,TWD,CUBE COMBO,2822,TWD,,7月卡費,2023-10-08 17:03:44,52B94061-8500-4F74-B509-D8434F47707B
20230808,郵局,1000,TWD,國泰數位帳戶,1000,TWD,,,2023-08-08 12:04:33,340FC7D2-1692-40B3-BE0F-763E5FDE0467
20230801,CUBE COMBO,300,TWD,點點卡,300,TWD,,,2023-08-01 12:39:48,BB3AC8D3-028E-461D-B05C-963BB5A51745
20230727,錢包,4000,TWD,郵局,4000,TWD,,,2023-07-27 10:16:59,5E8D6CD3-9239-4F8F-B699-92D7721A630C
20230718,郵局,300,TWD,國泰數位帳戶,300,TWD,,,2023-07-18 19:36:18,1FCEF490-37FC-44FE-BAD4-7FB9E2462216
20230713,Bankee,2499,TWD,國泰數位帳戶,2499,TWD,,,2023-07-13 14:52:35,A879A276-6F29-456E-8607-FA533FE461DF
20230713,國泰數位帳戶,2899,TWD,CUBE COMBO,2899,TWD,,,2023-07-13 14:38:58,B98E5148-E3DC-49E4-8CF3-A2A1BF32E748
20230703,台新活儲戶,1000,TWD,錢包,1000,TWD,,,2023-07-03 15:39:36,26BFD381-F2FA-4430-9E83-2A8EC585560D
20230629,撲滿現金,1000,TWD,錢包,1000,TWD,,,2023-06-29 11:08:30,B77D5968-A73E-4193-B118-E997B7FE0BDF
20230613,郵局,6695,TWD,Bankee,6695,TWD,,,2023-06-13 11:46:01,6CA0454B-7F33-4217-9181-63F950695FEE
20230609,Bankee,2836,TWD,國泰數位帳戶,2836,TWD,,,2023-06-09 16:17:40,460E55F8-CD42-424B-B4AC-C04E395E18E8
20230609,國泰數位帳戶,2836,TWD,CUBE COMBO,2836,TWD,,5月CUBE卡費,2023-06-09 16:14:56,6624C3EB-15C5-483C-957D-7CCD253ECB2B
20230608,CUBE COMBO,300,TWD,點點卡,300,TWD,,,2023-06-15 02:21:07,A64062A5-191C-41DB-8D8C-068CDEBF5F48
20230608,Bankee,1500,TWD,錢包,1500,TWD,,,2023-06-08 18:44:05,A7862727-39DE-4F37-8A9A-D9DB0B12248D
20230603,錢包,8,TWD,台新活儲戶,8,TWD,,,2023-06-06 18:04:56,AD0A6179-6155-4E84-93C6-B76FC4C72390
20230602,郵局,500,TWD,錢包,500,TWD,,,2023-06-02 20:35:32,5A233A82-EAA7-4764-B538-B991EFE552EB
20230529,CUBE COMBO,500,TWD,點點卡,500,TWD,,,2023-05-29 18:06:08,C6AC1AF1-CF75-4C31-9B83-2B44C7CE0A8A
20230516,CUBE COMBO,271,TWD,點點卡,271,TWD,,,2023-05-16 22:22:51,D9BF4473-673D-4167-86E5-BA76FB02BBD9
20230515,台新活儲戶,300,TWD,點點卡,300,TWD,,,2023-05-15 18:01:20,05F25D6A-EFDA-44DE-92C1-1355344ECEDE
20230512,郵局,1400,TWD,台新活儲戶,1400,TWD,,,2023-05-12 21:29:12,2F3DAB37-7BF1-4502-8AB2-779D5D6A1649
20230512,Bankee,2500,TWD,錢包,2500,TWD,,,2023-05-12 09:17:58,CCEB1836-DC45-4DFB-AABB-C284BC37B962
20230511,郵局,600,TWD,台新活儲戶,600,TWD,,,2023-05-11 16:04:35,EFE98947-F627-47A4-A8CC-694ADD903F5C
20230509,郵局,238,TWD,國泰數位帳戶,238,TWD,,,2023-05-10 18:34:04,7A6B8AEC-88A8-4362-9B33-97A2905F3AFA
20230509,郵局,4010,TWD,Bankee,4010,TWD,,,2023-05-09 11:26:14,36CCE89D-A9CC-4161-A525-3780F690765D
20230504,郵局,13000,TWD,Bankee,13000,TWD,,,2023-05-04 15:26:00,2C15C357-9583-4174-86BE-7B41C4FBC562
20230504,郵局,500,TWD,國泰數位帳戶,500,TWD,,,2023-05-04 14:14:02,E29B479B-4FBC-4FA8-B009-C9CBA918273A
20230503,Bankee,2000,TWD,郵局,2000,TWD,,,2023-05-03 16:45:42,E92DA569-D1D1-4A00-913D-7F827610A183
20230430,台新活儲戶,2000,TWD,錢包,2000,TWD,,,2023-04-30 19:32:06,20884616-E0BE-43DB-B8BA-15BBA1E4428F
20230426,台新活儲戶,800,TWD,點點卡,800,TWD,,,2023-04-26 21:04:33,8D97C6BC-8FBF-4004-B2AE-93B3C77B9600
20230426,撲滿現金,500,TWD,錢包,500,TWD,,,2023-04-26 18:27:51,253386CE-1E70-4727-9D75-8B853C434F0B
20230421,郵局,13000,TWD,Bankee,13000,TWD,,,2023-04-21 08:37:05,87C512E4-21D4-40DA-8E3E-80EE54327318
20230420,台新活儲戶,500,TWD,點點卡,500,TWD,,,2023-04-20 17:32:38,69465BE1-98D0-4180-9C40-E26830FB4892
20230415,郵局,1869,TWD,Bankee,1869,TWD,,,2023-04-29 23:33:19,12A3CA1E-587C-4B27-9A65-5957928C932F
20230415,郵局,2972,TWD,Bankee,2972,TWD,,,2023-04-15 01:21:25,BCCFC24D-9B66-47EB-8DF1-1F75898C3693
20230415,郵局,800,TWD,國泰數位帳戶,800,TWD,,,2023-04-15 00:40:15,1FCE5CF7-46DD-4DE8-BB22-9B65A9F4EC51
20230414,撲滿現金,1500,TWD,錢包,1500,TWD,,,2023-04-14 10:24:34,F838462E-BC2C-4EB9-9FF1-435F7C5E6A50
20230410,郵局,500,TWD,國泰數位帳戶,500,TWD,,,2023-04-10 11:39:24,1A177620-F124-40DE-A982-CED5F9A2683E
20230408,撲滿現金,1000,TWD,錢包,1000,TWD,,,2023-04-08 01:42:06,3FD0F992-CA60-4EB9-BE12-ADFFBA47D0AA
20230407,台新活儲戶,15000,TWD,郵局,15000,TWD,,,2023-04-07 20:05:02,4A5D3AE3-6A53-49CC-85D1-3A42C78ACC57
20230406,郵局,5004,TWD,Bankee,5004,TWD,,,2023-04-06 10:37:59,B272748B-2A07-49DA-BDA1-CC0745D6685C
20230406,錢包,3000,TWD,郵局,3000,TWD,,,2023-04-06 10:30:19,F13026DB-C40E-4055-A4BD-4769BFADC359
20230406,郵局,1900,TWD,Bankee,1900,TWD,,,2023-04-06 00:52:52,8A9605E5-9CEB-4244-A12E-3D5D2BDE49FB
20230405,郵局,12098,TWD,國泰數位帳戶,12098,TWD,,,2023-04-05 22:08:04,C3810802-C895-40EF-8554-98998C0CDF13
20230331,Bankee,19000,TWD,國泰數位帳戶,19000,TWD,,,2023-03-31 14:32:17,03E6DCC9-3FC3-4D1A-ACC4-B8C0DA0A7A4E
20230331,郵局,4000,TWD,國泰數位帳戶,4000,TWD,,,2023-03-31 14:31:50,C23ABD59-75F8-46DB-AEBD-083C548AA0F9
20230327,國泰數位帳戶,100,TWD,錢包,100,TWD,,,2023-03-27 10:02:03,E06AD782-E92C-435E-8186-CA40794CE1A7
20230322,郵局,10000,TWD,國泰數位帳戶,10000,TWD,,,2023-03-22 18:04:12,DCE6CBFB-4551-4A5B-87DC-3AD2BDCA598C
20230322,Bankee,5001,TWD,國泰數位帳戶,5001,TWD,,,2023-03-22 09:27:45,25F1EBBC-9956-4D49-94AC-6332BE91B0F8
20230321,郵局,1,TWD,國泰數位帳戶,1,TWD,,,2023-03-21 18:45:14,0CDF4FDA-B7A3-4BEC-B60F-8611FCC62C90
20230319,台新活儲戶,500,TWD,點點卡,500,TWD,,,2023-03-22 19:39:11,A903C467-6CA1-4310-BE91-9A16317148C0
20230319,台新活儲戶,500,TWD,點點卡,500,TWD,,,2023-03-19 07:42:27,E06C1DC0-0DD9-4DE9-B2E7-7E156521446D
20230314,Bankee,1928,TWD,台新活儲戶,1928,TWD,,,2023-03-14 19:56:46,B5AB2A84-E38B-49F2-ACF5-0F2FDBDDB464
20230311,錢包,1000,TWD,撲滿現金,1000,TWD,,,2023-03-28 13:55:05,650DAC23-A1BF-4CC4-8CA0-A65895C771B0
20230311,錢包,1500,TWD,撲滿現金,1500,TWD,,,2023-03-11 18:39:18,E7DB883B-A071-414A-B6B6-7422F7EED535
20230311,Bankee,3000,TWD,錢包,3000,TWD,,,2023-03-11 18:26:16,D253BE2D-A9E1-4EE2-A6DD-88F67FE5DD1E
20230304,郵局,5000,TWD,台新活儲戶,5000,TWD,,,2023-03-04 08:13:55,FE5802CB-8720-4D6A-9BB0-9AD1A7708184
20230303,撲滿現金,1027,TWD,錢包,1027,TWD,,,2023-03-03 22:41:49,FFEC9B24-C2FE-44C4-9008-A028743C3013
20230223,郵局,1500,TWD,錢包,1500,TWD,,,2023-02-23 15:24:02,B3D4B083-FB11-4ACC-AF10-B62937B691FE
20230223,郵局,7000,TWD,錢包,7000,TWD,,,2023-02-23 14:29:32,4D1F3842-EA22-4D70-ACB6-C2561F417382
20230222,撲滿現金,7000,TWD,郵局,7000,TWD,,,2023-02-22 12:01:39,F199682F-1666-4BCE-9835-A501587E2E9A
20230222,現金書款,20908,TWD,郵局,20908,TWD,,,2023-02-22 12:01:00,D23DDDA4-8285-4D0A-A333-103AC734FD16
20230220,郵局,28867,TWD,Bankee,28867,TWD,,,2023-02-20 22:13:33,1208943D-D6B3-4384-8E8F-36418AB4B303
20230220,錢包,2000,TWD,撲滿現金,2000,TWD,,,2023-02-20 22:06:55,DF2834D2-BD73-4754-B1DE-9A0A7238B003
20230212,郵局,1000,TWD,Bankee,1000,TWD,,,2023-02-12 02:00:49,DA733161-C6B4-40BE-ACF3-F79C82EF1834
20230118,郵局,20000,TWD,Bankee,20000,TWD,,,2023-01-18 20:46:37,4E429F15-0603-43D5-A323-56025AB730EF
20230117,撲滿現金,500,TWD,錢包,500,TWD,,,2023-01-17 08:41:36,DC2B7CE6-8685-4F3A-82A0-3607A61C310A
20230110,撲滿現金,386,TWD,錢包,386,TWD,,,2023-01-10 11:50:48,DA9B533F-1E94-4649-AFDC-B84D3B20A047
20230110,錢包,52,TWD,撲滿現金,52,TWD,,,2023-01-10 11:48:30,AC275F9A-B301-4EEE-9A67-0B0B16F91584
20230109,郵局,29000,TWD,Bankee,29000,TWD,,,2023-01-09 15:53:08,246FED64-BAC3-48C4-B682-F4DFC0A1DABD
20230108,郵局,20000,TWD,台新活儲戶,20000,TWD,,,2023-01-08 09:51:59,9752E04E-8ECD-4592-85C1-3BD37AD49D76
20221230,錢包,1349,TWD,撲滿現金,1349,TWD,,,2023-01-01 14:07:03,8E09AB87-4BCD-4C0E-A562-0CBED610A120
20221230,撲滿現金,1000,TWD,錢包,1000,TWD,,,2023-01-01 13:57:05,28C37EAD-BF41-4E02-816A-F5460CAC8AC4
20221227,錢包,180,TWD,撲滿現金,180,TWD,,,2022-12-28 10:09:32,A35737CD-E1EA-4872-B46C-E2DE90046497
20221225,撲滿現金,1000,TWD,錢包,1000,TWD,,,2022-12-25 14:33:20,1B54046D-8544-4D08-A8FE-16616A35409D
20221218,撲滿現金,1000,TWD,錢包,1000,TWD,,,2022-12-18 17:59:04,36242113-F3C4-4059-9EE3-40DB87D9E66D
20221208,錢包,212,TWD,撲滿現金,212,TWD,,,2022-12-09 17:39:27,96DE377D-F3AF-4FC5-AE8C-3653D7627F98
20221203,郵局,2000,TWD,錢包,2000,TWD,,,2022-12-03 15:47:04,1D14F9B3-CB69-48A6-89D6-98CABDA4A7DB
20221201,錢包,80,TWD,撲滿現金,80,TWD,,,2022-11-30 13:31:11,52109F21-41E2-4A77-8B66-FE1EDA9D4C39
20221201,撲滿現金,1000,TWD,錢包,1000,TWD,,,2022-11-30 13:25:08,0EAE15B2-BBB9-49EF-80A5-5E23EE67446D
20221125,撲滿現金,1000,TWD,錢包,1000,TWD,,,2022-11-25 18:47:35,078C557B-65B8-491F-8440-6A25AE311F89
20221124,撲滿現金,600,TWD,錢包,600,TWD,,,2022-11-24 17:32:40,4BB2678C-8FCA-4EDA-BB59-85DBEFD15F6E
20221123,錢包,1800,TWD,撲滿現金,1800,TWD,,,2022-11-23 00:39:42,4E25B2BE-DA4D-4F95-813C-C8EF77F0471A
20221118,撲滿現金,1000,TWD,錢包,1000,TWD,,,2022-11-18 13:39:43,C3CA2A6A-D285-4E01-9139-AAEA8A2F2665
20221117,撲滿現金,1000,TWD,錢包,1000,TWD,,,2022-11-17 15:37:04,3C07867A-A011-4AC7-B77A-39200CC247B5
20221108,錢包,2000,TWD,撲滿現金,2000,TWD,,,2022-11-08 13:22:11,4D72E1BD-011A-4649-A822-CA02ABA21FA4
20221108,撲滿現金,40,TWD,錢包,40,TWD,,,2022-11-08 12:57:58,548E9853-C692-4B0F-A894-FADF4CCD287D
20221107,撲滿現金,2000,TWD,錢包,2000,TWD,,,2022-11-07 17:12:57,D7649764-69DD-4BF1-AFF2-2A8DC25A4936
20221105,錢包,2800,TWD,撲滿現金,2800,TWD,,,2022-11-05 17:33:00,72D3ACEE-92F7-48E7-93CA-0DE865CA51EA
20221105,郵局,8000,TWD,台新活儲戶,8000,TWD,,,2022-11-05 16:56:03,FFA33976-DE41-4949-BF6B-D2EB6AF464E9
20221105,台新活儲戶,3000,TWD,錢包,3000,TWD,,,2022-11-05 16:51:13,B8991B1F-6796-427F-BB77-5C7C70E25FE6
20221105,撲滿現金,1000,TWD,錢包,1000,TWD,,,2022-11-05 13:03:59,78A27FE7-C7A7-4EFA-AF0C-3879C891B08B
20221101,撲滿現金,300,TWD,錢包,300,TWD,,,2022-11-02 15:19:05,D70CD55E-555F-4D68-923B-5E71DE5E131E
20221101,錢包,1700,TWD,撲滿現金,1700,TWD,,,2022-11-01 01:50:19,4A20F0BD-DED4-4777-B878-0F166E7D83E6
20221031,郵局,2000,TWD,錢包,2000,TWD,,,2022-10-31 11:25:29,1E310CF5-D992-45F9-9417-F3E338AF37FC
20221028,撲滿現金,1000,TWD,錢包,1000,TWD,,,2022-11-10 12:24:57,556EC1CA-7F83-4FA1-AB7A-8B090BF89619
20221027,撲滿現金,900,TWD,錢包,900,TWD,,,2022-10-27 08:00:13,EBE537A9-68FC-4852-8156-07C2DB81631D
20221025,郵局,1000,TWD,撲滿現金,1000,TWD,,,2022-10-25 13:20:30,ADA7B0BE-9E07-4CB7-B110-4EA90084EA98
20221025,撲滿現金,600,TWD,錢包,600,TWD,,,2022-10-25 13:20:52,15EA34D6-8BAE-4EBB-8EC7-2D05314F94BD
20221023,撲滿現金,500,TWD,錢包,500,TWD,,,2022-10-24 01:28:33,678D13C7-8675-408A-AE4E-95231D57661E
20221021,錢包,1185,TWD,撲滿現金,1185,TWD,,,2022-10-21 23:49:52,56BC09B4-8707-4C2C-892B-AA4F12FA42EE
20221015,郵局,2000,TWD,錢包,2000,TWD,,,2022-10-15 14:07:14,6B9023A8-7CD3-44E1-876A-3B4D524CB531
20221012,撲滿現金,1000,TWD,錢包,1000,TWD,,,2022-10-12 19:59:51,F3EDA096-77BD-41DC-9D4A-9A9AC8E1DD8D
20221009,郵局,3000,TWD,台新活儲戶,3000,TWD,,,2022-10-15 14:52:50,4153F5A7-C9B6-4297-8831-3BD6CF81D1BF
20221008,撲滿現金,200,TWD,錢包,200,TWD,,,2022-10-08 12:20:14,3C482A1C-8B0C-47C6-AE18-E24BD804A7AC
20221005,撲滿現金,200,TWD,錢包,200,TWD,,,2022-10-05 18:23:20,57A2F9F2-8872-4EAA-8C7C-21719786CF3D
20221005,撲滿現金,200,TWD,錢包,200,TWD,,,2022-10-05 07:59:40,D809A880-F86C-4A82-BC1C-C3E64EC79857
20221003,撲滿現金,200,TWD,錢包,200,TWD,,,2022-10-03 07:25:08,9BD96028-8F9A-4DB8-AD27-0BEC2874FD9B
20221002,撲滿現金,365,TWD,錢包,365,TWD,,,2022-10-02 10:49:25,08731579-D44C-4151-95E9-9A6A956AC620
20220930,撲滿現金,15000,TWD,郵局,15000,TWD,,,2022-09-30 16:09:49,78AC8D7D-91A4-4ED3-A031-290D9C123B64
20220925,撲滿現金,870,TWD,錢包,870,TWD,,,2022-09-25 20:29:07,0207EF4B-81B2-424D-AED6-43C82AA213DD
20220925,錢包,855,TWD,撲滿現金,855,TWD,,,2022-09-25 20:03:53,5F00DC80-AA4A-4F3F-AE00-A92FB0D56116
20220923,撲滿現金,1155,TWD,錢包,1155,TWD,,,2022-09-24 17:28:27,BBB5948B-162E-4924-A5B2-DB5F9902C55E
20220923,錢包,1544,TWD,撲滿現金,1544,TWD,,,2022-09-23 20:33:00,FDFAB0D6-43BD-40C6-9449-40B98393C2D7
20220918,郵局,200,TWD,台新活儲戶,200,TWD,,,2022-09-19 23:17:08,A3ED3F11-4D79-4DE4-A158-558482E1F3E1
20220918,撲滿現金,70,TWD,錢包,70,TWD,,,2022-09-18 11:11:04,172164E2-52D7-40A3-A1E2-5AA5C5E7563D
20220917,撲滿現金,2000,TWD,錢包,2000,TWD,,,2022-09-17 07:56:59,1B7A43EF-1C23-4D21-BDC0-1B32D8581461
20220916,錢包,131,TWD,撲滿現金,131,TWD,,,2022-09-16 16:06:22,4F9052DC-F725-422C-8BF4-F1E1A6034031
20220914,撲滿現金,2500,TWD,錢包,2500,TWD,,,2022-09-14 12:32:41,895A96DB-3C5F-40B9-AAE2-DEF8C1E87679
20220909,撲滿現金,2445,TWD,錢包,2445,TWD,,,2022-09-09 20:09:58,35792599-4DEC-4D36-A46C-1124F6D89B5E
20220901,錢包,1500,TWD,撲滿現金,1500,TWD,,,2022-09-01 15:38:42,2B39E4F4-2C6C-4D5B-856A-07CF46C739AD
20220825,撲滿現金,6000,TWD,郵局,6000,TWD,,,2022-08-25 10:59:38,EBC6450B-B755-4981-85E8-1448F74D62B8
20220824,錢包,3903,TWD,撲滿現金,3903,TWD,,,2022-08-24 23:45:18,E7F8FC95-0121-483A-9F14-0BE26880BFFB
20220824,撲滿現金,500,TWD,錢包,500,TWD,,,2022-08-24 14:39:46,D8412F53-5367-46F5-B791-B175656FD176
20220823,撲滿現金,903,TWD,錢包,903,TWD,,,2022-08-24 14:37:43,B624F166-4E65-44B3-B308-D616C2F160EA
20220822,錢包,1000,TWD,撲滿現金,1000,TWD,,,2022-08-22 12:45:35,ECF9EC8D-0736-4035-B4D8-8C2AE812D3E1
20220817,錢包,2163,TWD,撲滿現金,2163,TWD,,,2022-08-21 20:26:08,AE510045-0C7A-4D02-8412-3DBC08C402BD
20220812,撲滿現金,2300,TWD,錢包,2300,TWD,,,2022-08-12 21:32:25,00D482D5-CDFB-4A2C-943C-EDE6F9C3E266
20220811,錢包,1067,TWD,撲滿現金,1067,TWD,,,2022-08-11 15:37:58,0F27B55D-1D59-4408-A5C6-E69480B8FAF8
20220805,撲滿現金,2000,TWD,錢包,2000,TWD,,,2022-08-05 21:26:48,F9F6D8F9-19B4-439B-8B36-3D0EB5253095
20220802,撲滿現金,753,TWD,錢包,753,TWD,,,2022-08-02 10:59:09,D8216CD4-9DBC-473C-B123-C6BD9C2F3984
20220801,錢包,951,TWD,撲滿現金,951,TWD,,,2022-08-01 13:16:46,D6C64877-4321-4259-B672-96FB4843CF62
20220727,撲滿現金,300,TWD,錢包,300,TWD,,,2022-07-27 19:06:27,B41F0153-B613-4376-ADCC-F54B071E8C0F
20220719,撲滿現金,50,TWD,錢包,50,TWD,,,2022-07-19 09:03:49,8FB41CAF-A47F-4450-BB5D-E62CA6163324
20220718,撲滿現金,560,TWD,錢包,560,TWD,,,2022-07-18 14:39:38,DF9CFE82-8848-41F6-A8ED-B7DFAAB97014
20220718,錢包,390,TWD,撲滿現金,390,TWD,,,2022-07-18 14:35:22,CBCC8679-DA9E-4DC3-A32E-C01579F217A0
20220714,撲滿現金,540,TWD,錢包,540,TWD,,,2022-07-15 21:14:18,656CDFD0-D739-45A1-9D64-E1E8D58CC267
20220714,錢包,852,TWD,撲滿現金,852,TWD,,,2022-07-15 21:12:47,EFBC10D1-3228-4E3E-B180-A5CD36C6B1BE
20220714,錢包,600,TWD,撲滿現金,600,TWD,,,2022-07-15 21:11:39,07ACFA36-EDC4-4CD1-9D0C-8F3668F4605F
20220713,撲滿現金,600,TWD,錢包,600,TWD,,,2022-07-12 22:30:25,BB434AFC-B8D6-4201-B440-044D19186605
20220706,撲滿現金,5000,TWD,郵局,5000,TWD,,,2022-07-06 18:31:02,6AD40F77-0853-4616-8709-6085CAB357E3