device_id,display_name,created_at
de60f60f84bd4998a763c2e133a86b39,,2026-07-04T01:58:20
839fb7226116481bbee976703ed02456,,2026-07-04T01:59:39
bd4da0550e3d4c9a88cc460c40b78b54,,2026-07-04T01:59:41
793e253de4fa47a698eb7c176795dd78,,2026-07-04T02:12:26
4d3d02505ba04572b8d34915aa00eb17,,2026-07-04T02:12:27
081feccfcb4140f0bcafcdaa0b248c63,,2026-07-04T10:06:06
9050417638f04718baf7ecc705da9e62,,2026-07-04T10:06:07
67fc7f3fc18944feb698ff953754069e,,2026-07-04T11:52:01
1122fdc14a9a44dfb78a732c661d6c77,,2026-07-04T11:52:02
6ad25f22b30e4b3cb76be2356acfef30,,2026-07-04T14:11:19
4a88755924a04e4cb7e7c720ce814844,,2026-07-04T14:11:20
98e9fe6e5c2843a4b5b3d3437d31198e,,2026-07-04T14:36:36
ab487593c2a94acd9c95426a40b702b7,,2026-07-04T14:36:37
f08b2143709c4c4cb2375a63469d8ccd,,2026-07-04T15:50:43
a120e078201342cca9fdd13c1e428b60,,2026-07-04T15:50:44
b3c9ae94da4e49b397db474019126205,,2026-07-04T16:26:35
65a6a0f9972446c799b49ade9c3bc1b1,,2026-07-04T16:26:36
c4ead848279f405f8112c2a7d6ab114b,,2026-07-04T16:27:13
bcb3bfbbafcc43279d972faac43a397e,,2026-07-04T21:23:47
c106a89792a54a96b0b9c35b3ee22bff,,2026-07-04T21:23:48
2fc92f3528cc4f6b8a1c32a0ba8861ce,,2026-07-04T21:25:48
4aab0023c40b46ae96ca935c3826dce5,,2026-07-04T21:25:48
