code,sync_id,created_at
6QK9-WCM9,568e032af2d64ae0b0054442f07823da,2026-07-12T19:59:51
GH36-RBQV,9e35baac228b42a79881011c65145f59,2026-07-12T20:00:28
MRFZ-76C2,4459b09a5cf6408ab54418ff79ac2552,2026-07-12T20:00:42
4WDC-C2YA,6203ee3fae284bb0bf0bcabd9a376af5,2026-07-12T20:12:32
QCJQ-ZBN4,895c97825c6346d89067d3bda9190374,2026-07-12T20:16:01
DR2M-9Y6Y,75836b57ed4e4143ab5dd0d51fe255a5,2026-07-12T20:16:35
TYH3-P6UD,2bacaac74acc4c9bba553dd35bc894d6,2026-07-15T18:02:13
TNCD-77KW,2c8e09845d6b4dd78ddc75fdaaab993f,2026-07-15T18:02:50
DFTG-HZB6,d535ad738c4e4006a3682e5263430056,2026-07-15T18:04:00
NBH5-VJH5,38e5d771e36d4f03977bf884257e275d,2026-07-15T18:05:06
WD3Y-WB8E,064ea91f49554557bae7419e49b5c231,2026-07-15T18:05:53
JKGK-WT6Z,32ddafef37a64b06af431279b429aab4,2026-07-15T18:06:23
JXJJ-EA4K,de758ca6695a4a03bd25374fe3dc7d31,2026-07-15T18:06:52
CHT2-T6HK,803d55263a9a4ff98d3e1dd7c52d5ba0,2026-07-15T18:09:20
379Q-FXZR,2534aa3b525d41eeb26ce4daafc539e4,2026-07-15T18:09:25
367C-HK3Z,1d3ad50fad2042e2b2dec4103e164715,2026-07-15T18:19:34
4VJE-TYUQ,8b46028f5b6f4edeacd33126d08f6cc6,2026-07-15T21:32:59
KSGM-TXYP,5694f7b432ac4fd5bf86e423f43afe24,2026-07-15T21:33:12
FYFQ-CRHZ,2bffc8f875ec4f5aaa33001f3ffce51a,2026-07-17T01:36:21
